MdzGZv3zQ-U,"Action Bronson and Sean Evans Have a Sandwich Showdown, Judged by Mario Batali | Sean in the Wild",First We Feast,26,First we feast|fwf|firstwefeast|food|food porn|cook|cooking|chef|kitchen|recipe|cocktail|bartender|craft beer|complex|complex media|Cook (Profession)|action bronson|sean evans|mario batali|sandwich|sandwich showdown|sandwich competition,483360,16258,245,1588,https://i.ytimg.com/vi/MdzGZv3zQ-U/default.jpg,13.09
zAtHxJvSczA,Does Maggie Gyllenhaal Have Taylor Swift’s Scarf? | WWHL,Watch What Happens Live with Andy Cohen,24,What What Happens live|reality|interview|fun|Andy Cohen|talk|show|program|Bravo|Watch What Happens Live|WWHL|bravo andy|Watch|What|Happens|Show|Interview|taylor|celebrity|hollywood|actress|Maggie Gyllenhaal|Taylor Swift|scarf|Taylor|Maggie|brother|Jake Gyllenhaal|Gyllenhaal|song|Maggie’s brother|Maggie’s brother Jake Gyllenhaal|Taylor Swift’s scarf|Taylor Swift and Jack Gyllenhaal|Maggie Gyllenhaal wwhl|bravo late night|wwhl after show|andy cohen after show,2932,71,3,15,https://i.ytimg.com/vi/zAtHxJvSczA/default.jpg,13.09
NoxKH_v8b-8,Hurricane Size Comparison,Reigarw Comparisons,28,largest hurricane|largest tornado|most powerful tornado|most power hurricane|most powerful typhoon|most powerful cyclone|hurricane andrew|hurricane irma|hurricane katrina|hurricane irma size,2604761,28651,2256,6878,https://i.ytimg.com/vi/NoxKH_v8b-8/default.jpg,13.09
7nh2Ra-5kY8,2017 US Open: Sloane Stephens Takes The Title,US Open Tennis Championships,17,US Open|US Open 2017|US Open Tennis Championships|Grand Slam|Watch Tennis|Match Highlights|Madison Keys|Sloane Stephens|Match point|Women's Final,119124,742,48,404,https://i.ytimg.com/vi/7nh2Ra-5kY8/default.jpg,13.09
Zy6vBxqlapw,Kelly Clarkson - Love So Soft [Official Video],Kelly Clarkson,10,Kelly Clarkson|Love So Soft|Meaning of Life|Move You|Kelly|Clarkson|New Music|Kelly Clarkson New Music|Kelly Clarkson New Album|Official Video|Pop|Atlantic|Dave Myers,3027926,76505,2880,6414,https://i.ytimg.com/vi/Zy6vBxqlapw/default.jpg,13.09
zAtHxJvSczA,Does Maggie Gyllenhaal Have Taylor Swift’s Scarf? | WWHL,Watch What Happens Live with Andy Cohen,24,What What Happens live|reality|interview|fun|Andy Cohen|talk|show|program|Bravo|Watch What Happens Live|WWHL|bravo andy|Watch|What|Happens|Show|Interview|taylor|celebrity|hollywood|actress|Maggie Gyllenhaal|Taylor Swift|scarf|Taylor|Maggie|brother|Jake Gyllenhaal|Gyllenhaal|song|Maggie’s brother|Maggie’s brother Jake Gyllenhaal|Taylor Swift’s scarf|Taylor Swift and Jack Gyllenhaal|Maggie Gyllenhaal wwhl|bravo late night|wwhl after show|andy cohen after show,87153,220,43,115,https://i.ytimg.com/vi/zAtHxJvSczA/default.jpg,14.09
A0lYm7Qsbak,iPhone X vs iPhone 8 Hands On - What’s the Difference?,UrAvgConsumer,28,uravgconsumer|uac|your average consumer|New iPhone|iPhone 8|iPhone 8 plus|iPhone x|iPhone 8 vs iPhone x|iPhone x vs|iPhone 8 review|iPhone x review|iPhone x unboxing|iPhone 8 unboxing|iPhone 8 comparison|iPhone 8 vs|apple|ios 11,712467,33015,863,4018,https://i.ytimg.com/vi/A0lYm7Qsbak/default.jpg,14.09
MdzGZv3zQ-U,"Action Bronson and Sean Evans Have a Sandwich Showdown, Judged by Mario Batali | Sean in the Wild",First We Feast,26,First we feast|fwf|firstwefeast|food|food porn|cook|cooking|chef|kitchen|recipe|cocktail|bartender|craft beer|complex|complex media|Cook (Profession)|action bronson|sean evans|mario batali|sandwich|sandwich showdown|sandwich competition,579532,17845,277,1852,https://i.ytimg.com/vi/MdzGZv3zQ-U/default.jpg,14.09
NoxKH_v8b-8,Hurricane Size Comparison,Reigarw Comparisons,28,largest hurricane|largest tornado|most powerful tornado|most power hurricane|most powerful typhoon|most powerful cyclone|hurricane andrew|hurricane irma|hurricane katrina|hurricane irma size,2711006,29072,2279,7081,https://i.ytimg.com/vi/NoxKH_v8b-8/default.jpg,14.09
7nh2Ra-5kY8,2017 US Open: Sloane Stephens Takes The Title,US Open Tennis Championships,17,US Open|US Open 2017|US Open Tennis Championships|Grand Slam|Watch Tennis|Match Highlights|Madison Keys|Sloane Stephens|Match point|Women's Final,122620,756,49,445,https://i.ytimg.com/vi/7nh2Ra-5kY8/default.jpg,14.09
zAtHxJvSczA,Does Maggie Gyllenhaal Have Taylor Swift’s Scarf? | WWHL,Watch What Happens Live with Andy Cohen,24,What What Happens live|reality|interview|fun|Andy Cohen|talk|show|program|Bravo|Watch What Happens Live|WWHL|bravo andy|Watch|What|Happens|Show|Interview|taylor|celebrity|hollywood|actress|Maggie Gyllenhaal|Taylor Swift|scarf|Taylor|Maggie|brother|Jake Gyllenhaal|Gyllenhaal|song|Maggie’s brother|Maggie’s brother Jake Gyllenhaal|Taylor Swift’s scarf|Taylor Swift and Jack Gyllenhaal|Maggie Gyllenhaal wwhl|bravo late night|wwhl after show|andy cohen after show,139837,299,63,210,https://i.ytimg.com/vi/zAtHxJvSczA/default.jpg,15.09
A0lYm7Qsbak,iPhone X vs iPhone 8 Hands On - What’s the Difference?,UrAvgConsumer,28,uravgconsumer|uac|your average consumer|New iPhone|iPhone 8|iPhone 8 plus|iPhone x|iPhone 8 vs iPhone x|iPhone x vs|iPhone 8 review|iPhone x review|iPhone x unboxing|iPhone 8 unboxing|iPhone 8 comparison|iPhone 8 vs|apple|ios 11,927303,38322,1099,3667,https://i.ytimg.com/vi/A0lYm7Qsbak/default.jpg,15.09
RsG37JcEQNw,Weezer - Beach Boys,weezer,10,weezer|pacific daydream|pacificdaydream|beach boys|rivers cuomo|brian bell|scott shriner|patrick wilson,46955,1685,262,648,https://i.ytimg.com/vi/RsG37JcEQNw/default.jpg,15.09
MdzGZv3zQ-U,"Action Bronson and Sean Evans Have a Sandwich Showdown, Judged by Mario Batali | Sean in the Wild",First We Feast,26,First we feast|fwf|firstwefeast|food|food porn|cook|cooking|chef|kitchen|recipe|cocktail|bartender|craft beer|complex|complex media|Cook (Profession)|action bronson|sean evans|mario batali|sandwich|sandwich showdown|sandwich competition,650931,19203,309,2088,https://i.ytimg.com/vi/MdzGZv3zQ-U/default.jpg,15.09
NoxKH_v8b-8,Hurricane Size Comparison,Reigarw Comparisons,28,largest hurricane|largest tornado|most powerful tornado|most power hurricane|most powerful typhoon|most powerful cyclone|hurricane andrew|hurricane irma|hurricane katrina|hurricane irma size,2813499,29658,2316,7275,https://i.ytimg.com/vi/NoxKH_v8b-8/default.jpg,15.09
uV002CSNDac,Dillon Francis Hurts His Body with Spicy Wings | Hot Ones,First We Feast,26,First we feast|fwf|firstwefeast|food|food porn|cook|cooking|chef|kitchen|recipe|cocktail|bartender|craft beer|complex|complex media|Cook (Profession)|Dillon Francis|EDM|spicy food|chicken wings|hot wings|hot ones|sean evans|What Would Diplo Do|Viceland|mega death sauce|the last dab|hot sauce|Spicy Wings,656980,22667,419,3212,https://i.ytimg.com/vi/uV002CSNDac/default.jpg,16.09
Q07Cp6tswnQ,"The Road to 5,000,000! [LIVE]",Marques Brownlee,28,MKBHD|5 million|5M,566224,31738,583,4296,https://i.ytimg.com/vi/Q07Cp6tswnQ/default.jpg,16.09
uNseVux0CA4,IT PENNYWISE GLAM HALLOWEEN MAKEUP TUTORIAL,Glam&Gore,22,IT PENNYWISE GLAM HALLOWEEN MAKEUP TUTORIAL|it 2017 makeup|IT CLOWN|PENNYWISE MAKEUP|PENNYWISE HALLOWEEN MAKEUP|PENNYWISE CLOWN MAKEUP|NEW PENNYWISE MAKEUP|IT MOVIE PENNYWISE MAKEUP|HALLOWEEN MAKEUP|HALLOWEEN MAKEUP TUTORIAL|HALLOWEEN MAKEUP IDEA|PENNYWISE GLAM MAKEUP|PENNYWISE BEAUTY|IT BEAUTY TUTORIAL|IT MAKEUP TUTORIAL|IT MOVIE MAKEUP TUTORIAL|IT MOVIE MAKEUP|GLAM AND G|GLAM&G|MYKIE,454734,49951,168,3935,https://i.ytimg.com/vi/uNseVux0CA4/default.jpg,16.09
7bdZn5MKugo,"NYFW, LIMO RIDES & A BIG UNBOXING | Carli Bybel",Carli Bybel,26,carlibel55|carlibybel|carlibel|inner|beauty|bybel|fashion|NYFW|Marchesa|follow me around vlog|follow me around|carli bybel|nikkie tutorials|jeffree star|jaclyn hill|carlibel 55|fall fashion|fashion week|limo rides|unboxing|huge unboxing|pr gifts|vlog,323077,13862,520,2221,https://i.ytimg.com/vi/7bdZn5MKugo/default.jpg,16.09
hqHlIRZnF38,66 year old Bodybuilder William Reed sees color for first time,JustineReed97,22,[none],630887,8478,164,587,https://i.ytimg.com/vi/hqHlIRZnF38/default.jpg,16.09
zAtHxJvSczA,Does Maggie Gyllenhaal Have Taylor Swift’s Scarf? | WWHL,Watch What Happens Live with Andy Cohen,24,What What Happens live|reality|interview|fun|Andy Cohen|talk|show|program|Bravo|Watch What Happens Live|WWHL|bravo andy|Watch|What|Happens|Show|Interview|taylor|celebrity|hollywood|actress|Maggie Gyllenhaal|Taylor Swift|scarf|Taylor|Maggie|brother|Jake Gyllenhaal|Gyllenhaal|song|Maggie’s brother|Maggie’s brother Jake Gyllenhaal|Taylor Swift’s scarf|Taylor Swift and Jack Gyllenhaal|Maggie Gyllenhaal wwhl|bravo late night|wwhl after show|andy cohen after show,152008,316,63,272,https://i.ytimg.com/vi/zAtHxJvSczA/default.jpg,16.09
RsG37JcEQNw,Weezer - Beach Boys,weezer,10,weezer|pacific daydream|pacificdaydream|beach boys|rivers cuomo|brian bell|scott shriner|patrick wilson,69693,1987,328,757,https://i.ytimg.com/vi/RsG37JcEQNw/default.jpg,16.09
A0lYm7Qsbak,iPhone X vs iPhone 8 Hands On - What’s the Difference?,UrAvgConsumer,28,uravgconsumer|uac|your average consumer|New iPhone|iPhone 8|iPhone 8 plus|iPhone x|iPhone 8 vs iPhone x|iPhone x vs|iPhone 8 review|iPhone x review|iPhone x unboxing|iPhone 8 unboxing|iPhone 8 comparison|iPhone 8 vs|apple|ios 11,1072359,41380,1225,3903,https://i.ytimg.com/vi/A0lYm7Qsbak/default.jpg,16.09
I0Se3ce433Q,THE JAKE PAULERS SONG (Official Music Video),Jake Paul,22,Jake|Paul|logan|paul|its|every|day|Team|10|bro|funny|wow|crazy|vlog|adventure|disney|channel|girls|vine|hot|cool|fun|team|lucas|marcus|dobre|actor|star|daily|brothers|bizaardvark|tv|hollywood|sexy|comedy|skits|instagram|facebook|logang|jakepaulers|family|friendly|pg|kids|tai|lopez|erika|costell|official|music|video|fans|leak|release|rap|track|wait|over,5189928,249525,188836,101387,https://i.ytimg.com/vi/I0Se3ce433Q/default.jpg,17.09
Q07Cp6tswnQ,"The Road to 5,000,000! [LIVE]",Marques Brownlee,28,MKBHD|5 million|5M,722624,35824,730,4923,https://i.ytimg.com/vi/Q07Cp6tswnQ/default.jpg,17.09
uV002CSNDac,Dillon Francis Hurts His Body with Spicy Wings | Hot Ones,First We Feast,26,First we feast|fwf|firstwefeast|food|food porn|cook|cooking|chef|kitchen|recipe|cocktail|bartender|craft beer|complex|complex media|Cook (Profession)|Dillon Francis|EDM|spicy food|chicken wings|hot wings|hot ones|sean evans|What Would Diplo Do|Viceland|mega death sauce|the last dab|hot sauce|Spicy Wings,717404,23900,442,3329,https://i.ytimg.com/vi/uV002CSNDac/default.jpg,17.09
uNseVux0CA4,IT PENNYWISE GLAM HALLOWEEN MAKEUP TUTORIAL,Glam&Gore,22,IT PENNYWISE GLAM HALLOWEEN MAKEUP TUTORIAL|it 2017 makeup|IT CLOWN|PENNYWISE MAKEUP|PENNYWISE HALLOWEEN MAKEUP|PENNYWISE CLOWN MAKEUP|NEW PENNYWISE MAKEUP|IT MOVIE PENNYWISE MAKEUP|HALLOWEEN MAKEUP|HALLOWEEN MAKEUP TUTORIAL|HALLOWEEN MAKEUP IDEA|PENNYWISE GLAM MAKEUP|PENNYWISE BEAUTY|IT BEAUTY TUTORIAL|IT MAKEUP TUTORIAL|IT MOVIE MAKEUP TUTORIAL|IT MOVIE MAKEUP|GLAM AND G|GLAM&G|MYKIE,558989,56452,203,4159,https://i.ytimg.com/vi/uNseVux0CA4/default.jpg,17.09
7bdZn5MKugo,"NYFW, LIMO RIDES & A BIG UNBOXING | Carli Bybel",Carli Bybel,26,carlibel55|carlibybel|carlibel|inner|beauty|bybel|fashion|NYFW|Marchesa|follow me around vlog|follow me around|carli bybel|nikkie tutorials|jeffree star|jaclyn hill|carlibel 55|fall fashion|fashion week|limo rides|unboxing|huge unboxing|pr gifts|vlog,394417,15786,590,2065,https://i.ytimg.com/vi/7bdZn5MKugo/default.jpg,17.09
hqHlIRZnF38,66 year old Bodybuilder William Reed sees color for first time,JustineReed97,22,[none],735378,9978,179,709,https://i.ytimg.com/vi/hqHlIRZnF38/default.jpg,17.09
RsG37JcEQNw,Weezer - Beach Boys,weezer,10,weezer|pacific daydream|pacificdaydream|beach boys|rivers cuomo|brian bell|scott shriner|patrick wilson,83980,2119,351,620,https://i.ytimg.com/vi/RsG37JcEQNw/default.jpg,17.09
zAtHxJvSczA,Does Maggie Gyllenhaal Have Taylor Swift’s Scarf? | WWHL,Watch What Happens Live with Andy Cohen,24,What What Happens live|reality|interview|fun|Andy Cohen|talk|show|program|Bravo|Watch What Happens Live|WWHL|bravo andy|Watch|What|Happens|Show|Interview|taylor|celebrity|hollywood|actress|Maggie Gyllenhaal|Taylor Swift|scarf|Taylor|Maggie|brother|Jake Gyllenhaal|Gyllenhaal|song|Maggie’s brother|Maggie’s brother Jake Gyllenhaal|Taylor Swift’s scarf|Taylor Swift and Jack Gyllenhaal|Maggie Gyllenhaal wwhl|bravo late night|wwhl after show|andy cohen after show,158271,320,63,139,https://i.ytimg.com/vi/zAtHxJvSczA/default.jpg,17.09
A0lYm7Qsbak,iPhone X vs iPhone 8 Hands On - What’s the Difference?,UrAvgConsumer,28,uravgconsumer|uac|your average consumer|New iPhone|iPhone 8|iPhone 8 plus|iPhone x|iPhone 8 vs iPhone x|iPhone x vs|iPhone 8 review|iPhone x review|iPhone x unboxing|iPhone 8 unboxing|iPhone 8 comparison|iPhone 8 vs|apple|ios 11,1232902,44449,1357,4118,https://i.ytimg.com/vi/A0lYm7Qsbak/default.jpg,17.09
oKI4EAIcaLw,LET ME EXPLAIN WHAT HAPPENED,CaseyNeistat,22,[none],1431367,41867,1817,3875,https://i.ytimg.com/vi/oKI4EAIcaLw/default.jpg,18.09
I0Se3ce433Q,THE JAKE PAULERS SONG (Official Music Video),Jake Paul,22,Jake|Paul|logan|paul|its|every|day|Team|10|bro|funny|wow|crazy|vlog|adventure|disney|channel|girls|vine|hot|cool|fun|team|lucas|marcus|dobre|actor|star|daily|brothers|bizaardvark|tv|hollywood|sexy|comedy|skits|instagram|facebook|logang|jakepaulers|family|friendly|pg|kids|tai|lopez|erika|costell|official|music|video|fans|leak|release|rap|track|wait|over,6987691,279751,271351,85949,https://i.ytimg.com/vi/I0Se3ce433Q/default.jpg,18.09
fTW7EgoKpSE,TV Doctors of America | Even More Drama,Cigna,24,cigna|TV Commercial|TV Doctors|Television|advertising|Donald Faison|Patrick Dempsey|Neil Patrick Harris|Kate Walsh|Jane Seymour|go know take control|annual check-up,70889,253,1,15,https://i.ytimg.com/vi/fTW7EgoKpSE/default.jpg,18.09
uV002CSNDac,Dillon Francis Hurts His Body with Spicy Wings | Hot Ones,First We Feast,26,First we feast|fwf|firstwefeast|food|food porn|cook|cooking|chef|kitchen|recipe|cocktail|bartender|craft beer|complex|complex media|Cook (Profession)|Dillon Francis|EDM|spicy food|chicken wings|hot wings|hot ones|sean evans|What Would Diplo Do|Viceland|mega death sauce|the last dab|hot sauce|Spicy Wings,753615,24686,454,3424,https://i.ytimg.com/vi/uV002CSNDac/default.jpg,18.09
Q07Cp6tswnQ,"The Road to 5,000,000! [LIVE]",Marques Brownlee,28,MKBHD|5 million|5M,794778,38086,804,4038,https://i.ytimg.com/vi/Q07Cp6tswnQ/default.jpg,18.09
uNseVux0CA4,IT PENNYWISE GLAM HALLOWEEN MAKEUP TUTORIAL,Glam&Gore,22,IT PENNYWISE GLAM HALLOWEEN MAKEUP TUTORIAL|it 2017 makeup|IT CLOWN|PENNYWISE MAKEUP|PENNYWISE HALLOWEEN MAKEUP|PENNYWISE CLOWN MAKEUP|NEW PENNYWISE MAKEUP|IT MOVIE PENNYWISE MAKEUP|HALLOWEEN MAKEUP|HALLOWEEN MAKEUP TUTORIAL|HALLOWEEN MAKEUP IDEA|PENNYWISE GLAM MAKEUP|PENNYWISE BEAUTY|IT BEAUTY TUTORIAL|IT MAKEUP TUTORIAL|IT MOVIE MAKEUP TUTORIAL|IT MOVIE MAKEUP|GLAM AND G|GLAM&G|MYKIE,626024,60539,222,3494,https://i.ytimg.com/vi/uNseVux0CA4/default.jpg,18.09
7bdZn5MKugo,"NYFW, LIMO RIDES & A BIG UNBOXING | Carli Bybel",Carli Bybel,26,carlibel55|carlibybel|carlibel|inner|beauty|bybel|fashion|NYFW|Marchesa|follow me around vlog|follow me around|carli bybel|nikkie tutorials|jeffree star|jaclyn hill|carlibel 55|fall fashion|fashion week|limo rides|unboxing|huge unboxing|pr gifts|vlog,437070,16927,643,2226,https://i.ytimg.com/vi/7bdZn5MKugo/default.jpg,18.09
hqHlIRZnF38,66 year old Bodybuilder William Reed sees color for first time,JustineReed97,22,[none],832765,11049,191,853,https://i.ytimg.com/vi/hqHlIRZnF38/default.jpg,18.09
RsG37JcEQNw,Weezer - Beach Boys,weezer,10,weezer|pacific daydream|pacificdaydream|beach boys|rivers cuomo|brian bell|scott shriner|patrick wilson,94481,2268,378,641,https://i.ytimg.com/vi/RsG37JcEQNw/default.jpg,18.09
zAtHxJvSczA,Does Maggie Gyllenhaal Have Taylor Swift’s Scarf? | WWHL,Watch What Happens Live with Andy Cohen,24,What What Happens live|reality|interview|fun|Andy Cohen|talk|show|program|Bravo|Watch What Happens Live|WWHL|bravo andy|Watch|What|Happens|Show|Interview|taylor|celebrity|hollywood|actress|Maggie Gyllenhaal|Taylor Swift|scarf|Taylor|Maggie|brother|Jake Gyllenhaal|Gyllenhaal|song|Maggie’s brother|Maggie’s brother Jake Gyllenhaal|Taylor Swift’s scarf|Taylor Swift and Jack Gyllenhaal|Maggie Gyllenhaal wwhl|bravo late night|wwhl after show|andy cohen after show,163494,332,64,124,https://i.ytimg.com/vi/zAtHxJvSczA/default.jpg,18.09
A0lYm7Qsbak,iPhone X vs iPhone 8 Hands On - What’s the Difference?,UrAvgConsumer,28,uravgconsumer|uac|your average consumer|New iPhone|iPhone 8|iPhone 8 plus|iPhone x|iPhone 8 vs iPhone x|iPhone x vs|iPhone 8 review|iPhone x review|iPhone x unboxing|iPhone 8 unboxing|iPhone 8 comparison|iPhone 8 vs|apple|ios 11,1325192,46180,1416,4241,https://i.ytimg.com/vi/A0lYm7Qsbak/default.jpg,18.09
HzIB6TC1Ghw,Missed the 2017 Emmy Awards? Here are the highlights.,USA TODAY,25,5579173528001|2017 Emmys|vpcwochit|2017 Awards Season|the handmaid's tale|usatsyn|Atlanta|usatyoutube|celebrities|2017 Emmy awards|vpc|wochit|usatoday_custom|veep|television shows,178675,627,1012,526,https://i.ytimg.com/vi/HzIB6TC1Ghw/default.jpg,19.09
LTsSGSi9mqo,10 Kitchen Gadgets put to the Test - part 15,CrazyRussianHacker,28,Gadgets|Kitchen Gadgets|Test|10 Kitchen Gadgets|put to the Test|review|gadgets on amazon|gadgets review|unboxing|gadgets unboxing,990106,33409,837,7726,https://i.ytimg.com/vi/LTsSGSi9mqo/default.jpg,19.09
rtk-BLeHv6M,DIY KINDA BIG OREO COOKIE,HellthyJunkFood,24,giant oreo|oreo cookie|diy oreo|how to make oreos|oreo double stuffed cookie|oreo recipe|diy oreo giant|diy giant oreo|world's largest cookie|world's largest oreo cookie,223592,7906,183,1349,https://i.ytimg.com/vi/rtk-BLeHv6M/default.jpg,19.09
oKI4EAIcaLw,LET ME EXPLAIN WHAT HAPPENED,CaseyNeistat,22,[none],1587575,44221,2057,4065,https://i.ytimg.com/vi/oKI4EAIcaLw/default.jpg,19.09
I0Se3ce433Q,THE JAKE PAULERS SONG (Official Music Video),Jake Paul,22,Jake|Paul|logan|paul|its|every|day|Team|10|bro|funny|wow|crazy|vlog|adventure|disney|channel|girls|vine|hot|cool|fun|team|lucas|marcus|dobre|actor|star|daily|brothers|bizaardvark|tv|hollywood|sexy|comedy|skits|instagram|facebook|logang|jakepaulers|family|friendly|pg|kids|tai|lopez|erika|costell|official|music|video|fans|leak|release|rap|track|wait|over,7611822,288996,293883,93201,https://i.ytimg.com/vi/I0Se3ce433Q/default.jpg,19.09
L9IDqn-qt98,El ridículo penal de Teo Gutiérrez. Junior-Tigres,Botingol,17,futbol|deportes|noticias|soccer|ultimo momento|tendencias|trending|trends|maxi|on|fire|al|diez|esfutbolcom|bolas|de|dragon|yt|lo|mejor|del|futbolactivo|futboltv|teo gutierrez|tigres|junior barranquilla,241868,120,33,68,https://i.ytimg.com/vi/L9IDqn-qt98/default.jpg,19.09
fTW7EgoKpSE,TV Doctors of America | Even More Drama,Cigna,24,cigna|TV Commercial|TV Doctors|Television|advertising|Donald Faison|Patrick Dempsey|Neil Patrick Harris|Kate Walsh|Jane Seymour|go know take control|annual check-up,95834,298,2,18,https://i.ytimg.com/vi/fTW7EgoKpSE/default.jpg,19.09
uV002CSNDac,Dillon Francis Hurts His Body with Spicy Wings | Hot Ones,First We Feast,26,First we feast|fwf|firstwefeast|food|food porn|cook|cooking|chef|kitchen|recipe|cocktail|bartender|craft beer|complex|complex media|Cook (Profession)|Dillon Francis|EDM|spicy food|chicken wings|hot wings|hot ones|sean evans|What Would Diplo Do|Viceland|mega death sauce|the last dab|hot sauce|Spicy Wings,773318,25113,460,2856,https://i.ytimg.com/vi/uV002CSNDac/default.jpg,19.09
Q07Cp6tswnQ,"The Road to 5,000,000! [LIVE]",Marques Brownlee,28,MKBHD|5 million|5M,821174,38800,831,4163,https://i.ytimg.com/vi/Q07Cp6tswnQ/default.jpg,19.09
uNseVux0CA4,IT PENNYWISE GLAM HALLOWEEN MAKEUP TUTORIAL,Glam&Gore,22,IT PENNYWISE GLAM HALLOWEEN MAKEUP TUTORIAL|it 2017 makeup|IT CLOWN|PENNYWISE MAKEUP|PENNYWISE HALLOWEEN MAKEUP|PENNYWISE CLOWN MAKEUP|NEW PENNYWISE MAKEUP|IT MOVIE PENNYWISE MAKEUP|HALLOWEEN MAKEUP|HALLOWEEN MAKEUP TUTORIAL|HALLOWEEN MAKEUP IDEA|PENNYWISE GLAM MAKEUP|PENNYWISE BEAUTY|IT BEAUTY TUTORIAL|IT MAKEUP TUTORIAL|IT MOVIE MAKEUP TUTORIAL|IT MOVIE MAKEUP|GLAM AND G|GLAM&G|MYKIE,653088,61993,235,3554,https://i.ytimg.com/vi/uNseVux0CA4/default.jpg,19.09
7bdZn5MKugo,"NYFW, LIMO RIDES & A BIG UNBOXING | Carli Bybel",Carli Bybel,26,carlibel55|carlibybel|carlibel|inner|beauty|bybel|fashion|NYFW|Marchesa|follow me around vlog|follow me around|carli bybel|nikkie tutorials|jeffree star|jaclyn hill|carlibel 55|fall fashion|fashion week|limo rides|unboxing|huge unboxing|pr gifts|vlog,456727,17396,662,2273,https://i.ytimg.com/vi/7bdZn5MKugo/default.jpg,19.09
hqHlIRZnF38,66 year old Bodybuilder William Reed sees color for first time,JustineReed97,22,[none],923704,11708,200,936,https://i.ytimg.com/vi/hqHlIRZnF38/default.jpg,19.09
RsG37JcEQNw,Weezer - Beach Boys,weezer,10,weezer|pacific daydream|pacificdaydream|beach boys|rivers cuomo|brian bell|scott shriner|patrick wilson,101864,2369,395,672,https://i.ytimg.com/vi/RsG37JcEQNw/default.jpg,19.09
hwthovxn3zM,Safiya Nygaard Does The Smoothie Challenge With Lucie Fink | YouTube Challenges | Refinery29,Refinery29,22,refinery29|refinery 29|r29 video|refinery29 video|female|empowerment|safiya nygaard|the smoothie challenge|lucie fink|youtube challenges|refinery29 lucie fink|challenge|influencers|funniest dares|smoothie|our guest|mystery ingredients|taste-test|foods|eyes closed|r29 challenges|youtube challenge|funny challenges|smoothie challenge|refinery29 challenge|lifestyle challenge|r29|video,16001,685,21,91,https://i.ytimg.com/vi/hwthovxn3zM/default.jpg,20.09
HzIB6TC1Ghw,Missed the 2017 Emmy Awards? Here are the highlights.,USA TODAY,25,5579173528001|2017 Emmys|vpcwochit|2017 Awards Season|the handmaid's tale|usatsyn|Atlanta|usatyoutube|celebrities|2017 Emmy awards|vpc|wochit|usatoday_custom|veep|television shows,217619,784,1337,755,https://i.ytimg.com/vi/HzIB6TC1Ghw/default.jpg,20.09
DHYRxML2SpA,What Animal Will Survive When Everyone Dies?,Life Noggin,27,survive in space|space|tardigrades|tardigrade|water bear|moss piglet|bacteria|cannibal|mass extinction|radiation|oxygen depletion|pressure|cryptobiosis|metabolic process|International Society of Tardigrade Hunters|how to find a tardigrade|how to see a tardigrade|weird science|Low Earth Orbit|life noggin|science|animation|animated science|blocko,380783,13750,195,2498,https://i.ytimg.com/vi/DHYRxML2SpA/default.jpg,20.09
LTsSGSi9mqo,10 Kitchen Gadgets put to the Test - part 15,CrazyRussianHacker,28,Gadgets|Kitchen Gadgets|Test|10 Kitchen Gadgets|put to the Test|review|gadgets on amazon|gadgets review|unboxing|gadgets unboxing,1243109,38280,1014,8793,https://i.ytimg.com/vi/LTsSGSi9mqo/default.jpg,20.09
rtk-BLeHv6M,DIY KINDA BIG OREO COOKIE,HellthyJunkFood,24,giant oreo|oreo cookie|diy oreo|how to make oreos|oreo double stuffed cookie|oreo recipe|diy oreo giant|diy giant oreo|world's largest cookie|world's largest oreo cookie,259100,8452,215,1459,https://i.ytimg.com/vi/rtk-BLeHv6M/default.jpg,20.09
L9IDqn-qt98,El ridículo penal de Teo Gutiérrez. Junior-Tigres,Botingol,17,futbol|deportes|noticias|soccer|ultimo momento|tendencias|trending|trends|maxi|on|fire|al|diez|esfutbolcom|bolas|de|dragon|yt|lo|mejor|del|futbolactivo|futboltv|teo gutierrez|tigres|junior barranquilla,341006,134,36,72,https://i.ytimg.com/vi/L9IDqn-qt98/default.jpg,20.09
I0Se3ce433Q,THE JAKE PAULERS SONG (Official Music Video),Jake Paul,22,Jake|Paul|logan|paul|its|every|day|Team|10|bro|funny|wow|crazy|vlog|adventure|disney|channel|girls|vine|hot|cool|fun|team|lucas|marcus|dobre|actor|star|daily|brothers|bizaardvark|tv|hollywood|sexy|comedy|skits|instagram|facebook|logang|jakepaulers|family|friendly|pg|kids|tai|lopez|erika|costell|official|music|video|fans|leak|release|rap|track|wait|over,7990090,293800,304135,94266,https://i.ytimg.com/vi/I0Se3ce433Q/default.jpg,20.09
fTW7EgoKpSE,TV Doctors of America | Even More Drama,Cigna,24,cigna|TV Commercial|TV Doctors|Television|advertising|Donald Faison|Patrick Dempsey|Neil Patrick Harris|Kate Walsh|Jane Seymour|go know take control|annual check-up,108829,320,2,19,https://i.ytimg.com/vi/fTW7EgoKpSE/default.jpg,20.09
Q07Cp6tswnQ,"The Road to 5,000,000! [LIVE]",Marques Brownlee,28,MKBHD|5 million|5M,837476,39223,841,4158,https://i.ytimg.com/vi/Q07Cp6tswnQ/default.jpg,20.09
uNseVux0CA4,IT PENNYWISE GLAM HALLOWEEN MAKEUP TUTORIAL,Glam&Gore,22,IT PENNYWISE GLAM HALLOWEEN MAKEUP TUTORIAL|it 2017 makeup|IT CLOWN|PENNYWISE MAKEUP|PENNYWISE HALLOWEEN MAKEUP|PENNYWISE CLOWN MAKEUP|NEW PENNYWISE MAKEUP|IT MOVIE PENNYWISE MAKEUP|HALLOWEEN MAKEUP|HALLOWEEN MAKEUP TUTORIAL|HALLOWEEN MAKEUP IDEA|PENNYWISE GLAM MAKEUP|PENNYWISE BEAUTY|IT BEAUTY TUTORIAL|IT MAKEUP TUTORIAL|IT MOVIE MAKEUP TUTORIAL|IT MOVIE MAKEUP|GLAM AND G|GLAM&G|MYKIE,677750,63206,247,3616,https://i.ytimg.com/vi/uNseVux0CA4/default.jpg,20.09
7bdZn5MKugo,"NYFW, LIMO RIDES & A BIG UNBOXING | Carli Bybel",Carli Bybel,26,carlibel55|carlibybel|carlibel|inner|beauty|bybel|fashion|NYFW|Marchesa|follow me around vlog|follow me around|carli bybel|nikkie tutorials|jeffree star|jaclyn hill|carlibel 55|fall fashion|fashion week|limo rides|unboxing|huge unboxing|pr gifts|vlog,469986,17749,676,2303,https://i.ytimg.com/vi/7bdZn5MKugo/default.jpg,20.09
hwthovxn3zM,Safiya Nygaard Does The Smoothie Challenge With Lucie Fink | YouTube Challenges | Refinery29,Refinery29,22,refinery29|refinery 29|r29 video|refinery29 video|female|empowerment|safiya nygaard|the smoothie challenge|lucie fink|youtube challenges|refinery29 lucie fink|challenge|influencers|funniest dares|smoothie|our guest|mystery ingredients|taste-test|foods|eyes closed|r29 challenges|youtube challenge|funny challenges|smoothie challenge|refinery29 challenge|lifestyle challenge|r29,27421,951,36,182,https://i.ytimg.com/vi/hwthovxn3zM/default.jpg,21.09
DHYRxML2SpA,What Animal Will Survive When Everyone Dies?,Life Noggin,27,survive in space|space|tardigrades|tardigrade|water bear|moss piglet|bacteria|cannibal|mass extinction|radiation|oxygen depletion|pressure|cryptobiosis|metabolic process|International Society of Tardigrade Hunters|how to find a tardigrade|how to see a tardigrade|weird science|Low Earth Orbit|life noggin|science|animation|animated science|blocko,417236,14662,213,2806,https://i.ytimg.com/vi/DHYRxML2SpA/default.jpg,21.09
HzIB6TC1Ghw,Missed the 2017 Emmy Awards? Here are the highlights.,USA TODAY,25,5579173528001|2017 Emmys|vpcwochit|2017 Awards Season|the handmaid's tale|usatsyn|Atlanta|usatyoutube|celebrities|2017 Emmy awards|vpc|wochit|usatoday_custom|veep|television shows,226034,796,1374,629,https://i.ytimg.com/vi/HzIB6TC1Ghw/default.jpg,21.09
LTsSGSi9mqo,10 Kitchen Gadgets put to the Test - part 15,CrazyRussianHacker,28,Gadgets|Kitchen Gadgets|Test|10 Kitchen Gadgets|put to the Test|review|gadgets on amazon|gadgets review|unboxing|gadgets unboxing,1369827,40647,1086,5158,https://i.ytimg.com/vi/LTsSGSi9mqo/default.jpg,21.09
rtk-BLeHv6M,DIY KINDA BIG OREO COOKIE,HellthyJunkFood,24,giant oreo|oreo cookie|diy oreo|how to make oreos|oreo double stuffed cookie|oreo recipe|diy oreo giant|diy giant oreo|world's largest cookie|world's largest oreo cookie,280835,8866,230,1273,https://i.ytimg.com/vi/rtk-BLeHv6M/default.jpg,21.09
L9IDqn-qt98,El ridículo penal de Teo Gutiérrez. Junior-Tigres,Botingol TV,17,futbol|deportes|noticias|soccer|ultimo momento|tendencias|trending|trends|maxi|on|fire|al|diez|esfutbolcom|bolas|de|dragon|yt|lo|mejor|del|futbolactivo|futboltv|teo gutierrez|tigres|junior barranquilla,397335,145,42,128,https://i.ytimg.com/vi/L9IDqn-qt98/default.jpg,21.09
I0Se3ce433Q,THE JAKE PAULERS SONG (Official Music Video),Jake Paul,22,Jake|Paul|logan|paul|its|every|day|Team|10|bro|funny|wow|crazy|vlog|adventure|disney|channel|girls|vine|hot|cool|fun|team|lucas|marcus|dobre|actor|star|daily|brothers|bizaardvark|tv|hollywood|sexy|comedy|skits|instagram|facebook|logang|jakepaulers|family|friendly|pg|kids|tai|lopez|erika|costell|official|music|video|fans|leak|release|rap|track|wait|over,8364224,298357,313873,97098,https://i.ytimg.com/vi/I0Se3ce433Q/default.jpg,21.09
lKWmah6iPas,WATCH: First Lady Melania Trump discusses children's issues at UN,PBS NewsHour,25,Melania Trump|children's issues|UN,52555,337,678,0,https://i.ytimg.com/vi/lKWmah6iPas/default.jpg,22.09
hwthovxn3zM,Safiya Nygaard Does The Smoothie Challenge With Lucie Fink | YouTube Challenges | Refinery29,Refinery29,22,refinery29|refinery 29|r29 video|refinery29 video|female|empowerment|safiya nygaard|the smoothie challenge|lucie fink|youtube challenges|refinery29 lucie fink|challenge|influencers|funniest dares|smoothie|our guest|mystery ingredients|taste-test|foods|eyes closed|r29 challenges|youtube challenge|funny challenges|smoothie challenge|refinery29 challenge|lifestyle challenge|r29,35500,1036,42,201,https://i.ytimg.com/vi/hwthovxn3zM/default.jpg,22.09
DHYRxML2SpA,What Animal Will Survive When Everyone Dies?,Life Noggin,27,survive in space|space|tardigrades|tardigrade|water bear|moss piglet|bacteria|cannibal|mass extinction|radiation|oxygen depletion|pressure|cryptobiosis|metabolic process|International Society of Tardigrade Hunters|how to find a tardigrade|how to see a tardigrade|weird science|Low Earth Orbit|life noggin|science|animation|animated science|blocko,469013,15438,224,2367,https://i.ytimg.com/vi/DHYRxML2SpA/default.jpg,22.09
HzIB6TC1Ghw,Missed the 2017 Emmy Awards? Here are the highlights.,USA TODAY,25,5579173528001|2017 Emmys|vpcwochit|2017 Awards Season|the handmaid's tale|usatsyn|Atlanta|usatyoutube|celebrities|2017 Emmy awards|vpc|wochit|usatoday_custom|veep|television shows,228803,802,1391,668,https://i.ytimg.com/vi/HzIB6TC1Ghw/default.jpg,22.09
LTsSGSi9mqo,10 Kitchen Gadgets put to the Test - part 15,CrazyRussianHacker,28,Gadgets|Kitchen Gadgets|Test|10 Kitchen Gadgets|put to the Test|review|gadgets on amazon|gadgets review|unboxing|gadgets unboxing,1436461,41660,1121,5323,https://i.ytimg.com/vi/LTsSGSi9mqo/default.jpg,22.09
rtk-BLeHv6M,DIY KINDA BIG OREO COOKIE,HellthyJunkFood,24,giant oreo|oreo cookie|diy oreo|how to make oreos|oreo double stuffed cookie|oreo recipe|diy oreo giant|diy giant oreo|world's largest cookie|world's largest oreo cookie,288592,8968,233,1309,https://i.ytimg.com/vi/rtk-BLeHv6M/default.jpg,22.09
L9IDqn-qt98,El ridículo penal de Teo Gutiérrez. Junior-Tigres,Botingol TV,17,futbol|deportes|noticias|soccer|ultimo momento|tendencias|trending|trends|maxi|on|fire|al|diez|esfutbolcom|bolas|de|dragon|yt|lo|mejor|del|futbolactivo|futboltv|teo gutierrez|tigres|junior barranquilla,411396,148,42,152,https://i.ytimg.com/vi/L9IDqn-qt98/default.jpg,22.09
I0Se3ce433Q,THE JAKE PAULERS SONG (Official Music Video),Jake Paul,22,Jake|Paul|logan|paul|its|every|day|Team|10|bro|funny|wow|crazy|vlog|adventure|disney|channel|girls|vine|hot|cool|fun|team|lucas|marcus|dobre|actor|star|daily|brothers|bizaardvark|tv|hollywood|sexy|comedy|skits|instagram|facebook|logang|jakepaulers|family|friendly|pg|kids|tai|lopez|erika|costell|official|music|video|fans|leak|release|rap|track|wait|over,8557758,300680,318404,98553,https://i.ytimg.com/vi/I0Se3ce433Q/default.jpg,22.09
TNhyrPaGFYQ,FIX YOUR LIFE (YIAY #359),jacksfilms,23,jacksfilms|yiay|fix|your|life|lives|live|advice,733195,52705,547,47257,https://i.ytimg.com/vi/TNhyrPaGFYQ/default.jpg,23.09
HsiWOp-ImoE,HURRY UP! by SUPERFRUIT,SUPERFRUIT,24,superfruit|super|fruit|scott|hoying|mitch|grassi|fcute|weekly|obsessions|everyone|heres|good|song|dont|listen|to|anything|else|today|wyatt|blue,160882,20740,101,2538,https://i.ytimg.com/vi/HsiWOp-ImoE/default.jpg,23.09
SNCeopgkSAU,RHOA: Season 10 Official First Look - Premiering November 5 at 8/7c | Bravo,Bravo,24,Bravo|Bravo TV|Reality Television|Full Episodes|Sneak Peeks|Clips|Bravo Show|The Real Housewives Of Atlanta (TV Program)|NeNe Leakes (TV Personality)|real housewives franchise|Sheree Whitfield|Cynthia Bailey|Kandi Burruss|Kim Fields|Phaedra Parks|Porsha Williams|Shamea Morton|ATL|Atlanta (City/Town/Village)|The Real Housewives Of New Jersey (TV Program)|The Real Housewives Of Beverly Hills (Award-Winning Work)|Atlanta|doctors|program|drama|series|television,30869,560,36,308,https://i.ytimg.com/vi/SNCeopgkSAU/default.jpg,23.09
o4os5TXo6Vk,Trip (The Movie),Jhené Aiko,10,[none],171646,0,0,624,https://i.ytimg.com/vi/o4os5TXo6Vk/default.jpg,23.09
lKWmah6iPas,WATCH: First Lady Melania Trump discusses children's issues at UN,PBS NewsHour,25,Melania Trump|children's issues|UN,59378,352,728,0,https://i.ytimg.com/vi/lKWmah6iPas/default.jpg,23.09
7Z14Rc1vR7U,I'm Gonna Git You Sucka Trailer 1988,Video Detective,24,Comedy|Antonio Fargas|Bernie Casey|Isaac Hayes|Jim Brown|Keenan Ivory Wayans|Steve James|movie trailer|movie clip|movie preview|coming soon|now playing|in theaters|vod|dvd|home video|behind the scenes|making of|teaser|interview,20416,42,2,4,https://i.ytimg.com/vi/7Z14Rc1vR7U/default.jpg,23.09
TNhyrPaGFYQ,FIX YOUR LIFE (YIAY #359),jacksfilms,23,jacksfilms|yiay|fix|your|life|lives|live|advice,1306449,69293,1368,57131,https://i.ytimg.com/vi/TNhyrPaGFYQ/default.jpg,24.09
eKjiJYkvKwQ,The 2017 WWE Yearbook,WWE,17,wwe|world wrestling entertainment|wrestling|wrestler|wrestle|superstars|कुश्ती|पहलवान|डब्लू डब्लू ई|मैच|सुपरस्टार|व्यावसायिक कुश्ती|مصارعه|John Cena|Roman Reigns|Sasha Banks|Carmella|Jinder Mahal|Randy Orton|Brock Lesnar|Paul Heyman|wwe 2017|wwe superstars|wwe yearbook|wwe roster|wwe superlatives,282990,10628,509,2846,https://i.ytimg.com/vi/eKjiJYkvKwQ/default.jpg,24.09
-uYWFqTPHd0,GETTING READY WITH ME FOR FALL!,Lauren Elizabeth,23,fall|first day|autumn|coffee|chili|cooking|homemade|healthy|pumpkin bread|at home|lauren elizabeth|lauren and cameron|fresh|haul|BECCA|sneek peak|seasons|decor|crate and barrel|world market|candy|makeup|hair|zara,86933,4936,148,273,https://i.ytimg.com/vi/-uYWFqTPHd0/default.jpg,24.09
SNCeopgkSAU,RHOA: Season 10 Official First Look - Premiering November 5 at 8/7c | Bravo,Bravo,24,Bravo|Bravo TV|Reality Television|Full Episodes|Sneak Peeks|Clips|Bravo Show|The Real Housewives Of Atlanta (TV Program)|NeNe Leakes (TV Personality)|real housewives franchise|Sheree Whitfield|Cynthia Bailey|Kandi Burruss|Kim Fields|Phaedra Parks|Porsha Williams|Shamea Morton|ATL|Atlanta (City/Town/Village)|The Real Housewives Of New Jersey (TV Program)|The Real Housewives Of Beverly Hills (Award-Winning Work)|Atlanta|doctors|program|drama|series|television,114508,1334,113,625,https://i.ytimg.com/vi/SNCeopgkSAU/default.jpg,24.09
nW-aml4r7Gc,ZAYN Dusk Till Dawn ft. Sia - The Key of Awesome UNPLUGGED!,The Key of Awesome,23,Key Of Awesome|Mark Douglas|Barely Productions|Barely Political|KOA|Parody|Spoof|Comedy|ZAYN|Sia|Zayn Malik|Pop|Music|Music Video|Satire|Commentary|Unplugged|Acoustic|Sketch|Funny|Harry Styles|One Direction|1D|Boy Band|Film,70716,3295,205,436,https://i.ytimg.com/vi/nW-aml4r7Gc/default.jpg,24.09
HsiWOp-ImoE,HURRY UP! by SUPERFRUIT,SUPERFRUIT,24,superfruit|super|fruit|scott|hoying|mitch|grassi|fcute|weekly|obsessions|everyone|heres|good|song|dont|listen|to|anything|else|today|wyatt|blue,230834,23824,147,2689,https://i.ytimg.com/vi/HsiWOp-ImoE/default.jpg,24.09
o4os5TXo6Vk,Trip (The Movie),Jhené Aiko,10,[none],220589,0,0,866,https://i.ytimg.com/vi/o4os5TXo6Vk/default.jpg,24.09
lKWmah6iPas,WATCH: First Lady Melania Trump discusses children's issues at UN,PBS NewsHour,25,Melania Trump|children's issues|UN,60646,355,735,0,https://i.ytimg.com/vi/lKWmah6iPas/default.jpg,24.09
jY9xBAAa5fs,10 Strange Dollar Store Items Sent By Viewers!,Matthias,23,funny dollar store items|dollar store toys|dollar store|dollarstore|dollar store things|dollar store haul|gag gifts|weird dollar store items|funny unboxing|funny reactions|toy fail|kids toys|product fail|weird products|matthias dollar store|matthias|matthiasiam|hi5 studios|#M733,1322786,30063,1335,13582,https://i.ytimg.com/vi/jY9xBAAa5fs/default.jpg,25.09
TNhyrPaGFYQ,FIX YOUR LIFE (YIAY #359),jacksfilms,23,jacksfilms|yiay|fix|your|life|lives|live|advice,1517347,74528,1621,60491,https://i.ytimg.com/vi/TNhyrPaGFYQ/default.jpg,25.09
eKjiJYkvKwQ,The 2017 WWE Yearbook,WWE,17,wwe|world wrestling entertainment|wrestling|wrestler|wrestle|superstars|कुश्ती|पहलवान|डब्लू डब्लू ई|मैच|सुपरस्टार|व्यावसायिक कुश्ती|مصارعه|John Cena|Roman Reigns|Sasha Banks|Carmella|Jinder Mahal|Randy Orton|Brock Lesnar|Paul Heyman|wwe 2017|wwe superstars|wwe yearbook|wwe roster|wwe superlatives,475458,13373,773,3451,https://i.ytimg.com/vi/eKjiJYkvKwQ/default.jpg,25.09
nW-aml4r7Gc,ZAYN Dusk Till Dawn ft. Sia - The Key of Awesome UNPLUGGED!,The Key of Awesome,23,Key Of Awesome|Mark Douglas|Barely Productions|Barely Political|KOA|Parody|Spoof|Comedy|ZAYN|Sia|Zayn Malik|Pop|Music|Music Video|Satire|Commentary|Unplugged|Acoustic|Sketch|Funny|Harry Styles|One Direction|1D|Boy Band|Film,108622,4293,308,557,https://i.ytimg.com/vi/nW-aml4r7Gc/default.jpg,25.09
SNCeopgkSAU,RHOA: Season 10 Official First Look - Premiering November 5 at 8/7c | Bravo,Bravo,24,Bravo|Bravo TV|Reality Television|Full Episodes|Sneak Peeks|Clips|Bravo Show|The Real Housewives Of Atlanta (TV Program)|NeNe Leakes (TV Personality)|real housewives franchise|Sheree Whitfield|Cynthia Bailey|Kandi Burruss|Kim Fields|Phaedra Parks|Porsha Williams|Shamea Morton|ATL|Atlanta (City/Town/Village)|The Real Housewives Of New Jersey (TV Program)|The Real Housewives Of Beverly Hills (Award-Winning Work)|Atlanta|doctors|program|drama|series|television,208772,2345,186,1037,https://i.ytimg.com/vi/SNCeopgkSAU/default.jpg,25.09
IN0PWfSZ3Fc,Rrrrrrrrrrrrr,nono du rire nono,22,[none],227664,762,167,93,https://i.ytimg.com/vi/IN0PWfSZ3Fc/default.jpg,25.09
-uYWFqTPHd0,GETTING READY WITH ME FOR FALL!,Lauren Elizabeth,23,fall|first day|autumn|coffee|chili|cooking|homemade|healthy|pumpkin bread|at home|lauren elizabeth|lauren and cameron|fresh|haul|BECCA|sneek peak|seasons|decor|crate and barrel|world market|candy|makeup|hair|zara,117429,6169,190,265,https://i.ytimg.com/vi/-uYWFqTPHd0/default.jpg,25.09
HsiWOp-ImoE,HURRY UP! by SUPERFRUIT,SUPERFRUIT,24,superfruit|super|fruit|scott|hoying|mitch|grassi|fcute|weekly|obsessions|everyone|heres|good|song|dont|listen|to|anything|else|today|wyatt|blue,262855,25352,170,2355,https://i.ytimg.com/vi/HsiWOp-ImoE/default.jpg,25.09
o4os5TXo6Vk,Trip (The Movie),Jhené Aiko,10,[none],279284,0,0,1053,https://i.ytimg.com/vi/o4os5TXo6Vk/default.jpg,25.09
jY9xBAAa5fs,10 Strange Dollar Store Items Sent By Viewers!,Matthias,23,funny dollar store items|dollar store toys|dollar store|dollarstore|dollar store things|dollar store haul|gag gifts|weird dollar store items|funny unboxing|funny reactions|toy fail|kids toys|product fail|weird products|matthias dollar store|matthias|matthiasiam|hi5 studios|#M733,1555373,32456,1843,14421,https://i.ytimg.com/vi/jY9xBAAa5fs/default.jpg,26.09
TNhyrPaGFYQ,FIX YOUR LIFE (YIAY #359),jacksfilms,23,jacksfilms|yiay|fix|your|life|lives|live|advice,1595329,76458,1718,52400,https://i.ytimg.com/vi/TNhyrPaGFYQ/default.jpg,26.09
eKjiJYkvKwQ,The 2017 WWE Yearbook,WWE,17,wwe|world wrestling entertainment|wrestling|wrestler|wrestle|superstars|कुश्ती|पहलवान|डब्लू डब्लू ई|मैच|सुपरस्टार|व्यावसायिक कुश्ती|مصارعه|John Cena|Roman Reigns|Sasha Banks|Carmella|Jinder Mahal|Randy Orton|Brock Lesnar|Paul Heyman|wwe 2017|wwe superstars|wwe yearbook|wwe roster|wwe superlatives,510429,13880,837,3629,https://i.ytimg.com/vi/eKjiJYkvKwQ/default.jpg,26.09
nW-aml4r7Gc,ZAYN Dusk Till Dawn ft. Sia - The Key of Awesome UNPLUGGED!,The Key of Awesome,23,Key Of Awesome|Mark Douglas|Barely Productions|Barely Political|KOA|Parody|Spoof|Comedy|ZAYN|Sia|Zayn Malik|Pop|Music|Music Video|Satire|Commentary|Unplugged|Acoustic|Sketch|Funny|Harry Styles|One Direction|1D|Boy Band|Film,131501,4740,370,587,https://i.ytimg.com/vi/nW-aml4r7Gc/default.jpg,26.09
SNCeopgkSAU,RHOA: Season 10 Official First Look - Premiering November 5 at 8/7c | Bravo,Bravo,24,Bravo|Bravo TV|Reality Television|Full Episodes|Sneak Peeks|Clips|Bravo Show|The Real Housewives Of Atlanta (TV Program)|NeNe Leakes (TV Personality)|real housewives franchise|Sheree Whitfield|Cynthia Bailey|Kandi Burruss|Kim Fields|Phaedra Parks|Porsha Williams|Shamea Morton|ATL|Atlanta (City/Town/Village)|The Real Housewives Of New Jersey (TV Program)|The Real Housewives Of Beverly Hills (Award-Winning Work)|Atlanta|doctors|program|drama|series|television,273563,2910,236,1016,https://i.ytimg.com/vi/SNCeopgkSAU/default.jpg,26.09
-uYWFqTPHd0,GETTING READY WITH ME FOR FALL!,Lauren Elizabeth,23,fall|first day|autumn|coffee|chili|cooking|homemade|healthy|pumpkin bread|at home|lauren elizabeth|lauren and cameron|fresh|haul|BECCA|sneek peak|seasons|decor|crate and barrel|world market|candy|makeup|hair|zara,127314,6580,195,286,https://i.ytimg.com/vi/-uYWFqTPHd0/default.jpg,26.09
HsiWOp-ImoE,HURRY UP! by SUPERFRUIT,SUPERFRUIT,24,superfruit|super|fruit|scott|hoying|mitch|grassi|fcute|weekly|obsessions|everyone|heres|good|song|dont|listen|to|anything|else|today|wyatt|blue,284067,26164,177,2396,https://i.ytimg.com/vi/HsiWOp-ImoE/default.jpg,26.09
IN0PWfSZ3Fc,Rrrrrrrrrrrrr,nono du rire nono,22,[none],237828,778,173,96,https://i.ytimg.com/vi/IN0PWfSZ3Fc/default.jpg,26.09
o4os5TXo6Vk,Trip (The Movie),Jhené Aiko,10,[none],340063,0,0,1288,https://i.ytimg.com/vi/o4os5TXo6Vk/default.jpg,26.09
jzaRIWMxz0Y,Hyperlapse DC,max berger,22,dc|hyperlapse|time lapse|fuji|xt10|sound design|lightroom|premiere pro|adobe,143788,1632,61,85,https://i.ytimg.com/vi/jzaRIWMxz0Y/default.jpg,27.09
jY9xBAAa5fs,10 Strange Dollar Store Items Sent By Viewers!,Matthias,23,funny dollar store items|dollar store toys|dollar store|dollarstore|dollar store things|dollar store haul|gag gifts|weird dollar store items|funny unboxing|funny reactions|toy fail|kids toys|product fail|weird products|matthias dollar store|matthias|matthiasiam|hi5 studios|#M733,1639979,33314,1907,10777,https://i.ytimg.com/vi/jY9xBAAa5fs/default.jpg,27.09
GlWaXiJVwYI,Batman vs IT/Pennywise FULL TRAILER (Fan-Made) [HD],Adeel of Steel,1,batman vs it|batman vs pennywise|batman vs pennywise trailer|ben affleck|batman|bruce wayne|bill skarsgard|it 2017|pennywise|dc|fanmade|horror|joker|jared leto|halloween|halloween 2017|batman horror,698813,12807,864,1923,https://i.ytimg.com/vi/GlWaXiJVwYI/default.jpg,27.09
nW-aml4r7Gc,ZAYN Dusk Till Dawn ft. Sia - The Key of Awesome UNPLUGGED!,The Key of Awesome,23,Key Of Awesome|Mark Douglas|Barely Productions|Barely Political|KOA|Parody|Spoof|Comedy|ZAYN|Sia|Zayn Malik|Pop|Music|Music Video|Satire|Commentary|Unplugged|Acoustic|Sketch|Funny|Harry Styles|One Direction|1D|Boy Band|Film,139929,4867,386,557,https://i.ytimg.com/vi/nW-aml4r7Gc/default.jpg,27.09
SNCeopgkSAU,RHOA: Season 10 Official First Look - Premiering November 5 at 8/7c | Bravo,Bravo,24,Bravo|Bravo TV|Reality Television|Full Episodes|Sneak Peeks|Clips|Bravo Show|The Real Housewives Of Atlanta (TV Program)|NeNe Leakes (TV Personality)|real housewives franchise|Sheree Whitfield|Cynthia Bailey|Kandi Burruss|Kim Fields|Phaedra Parks|Porsha Williams|Shamea Morton|ATL|Atlanta (City/Town/Village)|The Real Housewives Of New Jersey (TV Program)|The Real Housewives Of Beverly Hills (Award-Winning Work)|Atlanta|doctors|program|drama|series|television,319055,3311,253,1036,https://i.ytimg.com/vi/SNCeopgkSAU/default.jpg,27.09
-uYWFqTPHd0,GETTING READY WITH ME FOR FALL!,Lauren Elizabeth,23,fall|first day|autumn|coffee|chili|cooking|homemade|healthy|pumpkin bread|at home|lauren elizabeth|lauren and cameron|fresh|haul|BECCA|sneek peak|seasons|decor|crate and barrel|world market|candy|makeup|hair|zara,133419,6825,195,285,https://i.ytimg.com/vi/-uYWFqTPHd0/default.jpg,27.09
HsiWOp-ImoE,HURRY UP! by SUPERFRUIT,SUPERFRUIT,24,superfruit|super|fruit|scott|hoying|mitch|grassi|fcute|weekly|obsessions|everyone|heres|good|song|dont|listen|to|anything|else|today|wyatt|blue,301496,26660,182,2412,https://i.ytimg.com/vi/HsiWOp-ImoE/default.jpg,27.09
u5U0q-hh5B4,Hey! Puerto Rico,Late Night with Seth Meyers,23,Late night|Seth Meyers|hey|Puerto Rico|NBC|NBC TV|television|funny|talk show|comedy|humor|stand-up|parody|snl seth meyers|host|promo|seth|meyers|weekend update|news satire|satire|landlord|Trump|vietnam|San Juan|relief effort|donate|drinking water|Trump tweets,401505,6211,484,999,https://i.ytimg.com/vi/u5U0q-hh5B4/default.jpg,28.09
jzaRIWMxz0Y,Hyperlapse DC,max berger,22,dc|hyperlapse|time lapse|fuji|xt10|sound design|lightroom|premiere pro|adobe,145795,1640,61,76,https://i.ytimg.com/vi/jzaRIWMxz0Y/default.jpg,28.09
jY9xBAAa5fs,10 Strange Dollar Store Items Sent By Viewers!,Matthias,23,funny dollar store items|dollar store toys|dollar store|dollarstore|dollar store things|dollar store haul|gag gifts|weird dollar store items|funny unboxing|funny reactions|toy fail|kids toys|product fail|weird products|matthias dollar store|matthias|matthiasiam|hi5 studios|#M733,1686049,33852,1934,10861,https://i.ytimg.com/vi/jY9xBAAa5fs/default.jpg,28.09
GlWaXiJVwYI,Batman vs IT/Pennywise FULL TRAILER (Fan-Made) [HD],Adeel of Steel,1,batman vs it|batman vs pennywise|batman vs pennywise trailer|ben affleck|batman|bruce wayne|bill skarsgard|it 2017|pennywise|dc|fanmade|horror|joker|jared leto|halloween|halloween 2017|batman horror,731547,13123,877,1925,https://i.ytimg.com/vi/GlWaXiJVwYI/default.jpg,28.09
nW-aml4r7Gc,ZAYN Dusk Till Dawn ft. Sia - The Key of Awesome UNPLUGGED!,The Key of Awesome,23,Key Of Awesome|Mark Douglas|Barely Productions|Barely Political|KOA|Parody|Spoof|Comedy|ZAYN|Sia|Zayn Malik|Pop|Music|Music Video|Satire|Commentary|Unplugged|Acoustic|Sketch|Funny|Harry Styles|One Direction|1D|Boy Band|Film,145115,4974,395,557,https://i.ytimg.com/vi/nW-aml4r7Gc/default.jpg,28.09
SNCeopgkSAU,RHOA: Season 10 Official First Look - Premiering November 5 at 8/7c | Bravo,Bravo,24,Bravo|Bravo TV|Reality Television|Full Episodes|Sneak Peeks|Clips|Bravo Show|The Real Housewives Of Atlanta (TV Program)|NeNe Leakes (TV Personality)|real housewives franchise|Sheree Whitfield|Cynthia Bailey|Kandi Burruss|Kim Fields|Phaedra Parks|Porsha Williams|Shamea Morton|ATL|Atlanta (City/Town/Village)|The Real Housewives Of New Jersey (TV Program)|The Real Housewives Of Beverly Hills (Award-Winning Work)|Atlanta|doctors|program|drama|series|television,357127,3651,277,1098,https://i.ytimg.com/vi/SNCeopgkSAU/default.jpg,28.09
GSmUd7p3r34,Miley Cyrus and Zane Lowe on Beats 1 [Full Interview],Beats 1 Radio,10,Apple Music|Beats 1|Miley Cyrus|Zane Lowe,6734,352,13,46,https://i.ytimg.com/vi/GSmUd7p3r34/default.jpg,29.09
xQ4oE_tL7IA,BANKS - Underdog (Audio),banksVEVO,10,BANKS|Underdog|Harvest|Records|Alternative,35367,4112,20,593,https://i.ytimg.com/vi/xQ4oE_tL7IA/default.jpg,29.09
GSmUd7p3r34,Miley Cyrus and Zane Lowe on Beats 1 [Full Interview],Beats 1 Radio,10,Apple Music|Beats 1|Miley Cyrus|Zane Lowe,13938,549,18,78,https://i.ytimg.com/vi/GSmUd7p3r34/default.jpg,30.09
xQ4oE_tL7IA,BANKS - Underdog (Audio),banksVEVO,10,BANKS|Underdog|Harvest|Records|Alternative,87869,7359,55,698,https://i.ytimg.com/vi/xQ4oE_tL7IA/default.jpg,30.09
pCHmqeHEybg,Is Superman Too Overpowered?,VariantComics,24,comics|DC Comics|Geek|Nerd|comic books|comic reviews|comic book movies|comic movies|marvel|dc|Image Comics|comic con|superhero|superheroes|movie reviews|graphic novels|graphic novel|superman|Mr OZ|DC Rebirth|Superboy,132411,5301,358,2211,https://i.ytimg.com/vi/pCHmqeHEybg/default.jpg,01.10
GSmUd7p3r34,Miley Cyrus and Zane Lowe on Beats 1 [Full Interview],Beats 1 Radio,10,Apple Music|Beats 1|Miley Cyrus|Zane Lowe,17689,648,19,65,https://i.ytimg.com/vi/GSmUd7p3r34/default.jpg,01.10
xQ4oE_tL7IA,BANKS - Underdog (Audio),banksVEVO,10,BANKS|Underdog|Harvest|Records|Alternative,150664,10689,80,801,https://i.ytimg.com/vi/xQ4oE_tL7IA/default.jpg,01.10
JJ5WP2BKigc,Unboxing The Mind Bending Wallpaper TV...,Unbox Therapy,28,lg wallpaper|lg|wallpaper|lg wallpaper tv|wallpaper tv|tv|oled|oled tv|lg oled|lg wallpaper oled|oled vs|signature|lg signature|oled tv w|lg oled w|samsung|samsung tv|qled|qled tv|unboxing|review|lg wallpaper review|4k|hdr|dolby vision|unbox therapy|therapy|unbox|unboxtherapy|2017|uhd|display|dolby|best tv|lg oled tv|thin|wallpaper oled tv|lg tv|soundbar|ultra hd|technology|gadgets|youtube|vs|4k oled|smart tv|4k tv|new|uhd tv|best tv 2017,1883596,59722,1968,7593,https://i.ytimg.com/vi/JJ5WP2BKigc/default.jpg,02.10
9sjLzdix70w,Pittsburgh Steelers Vs Baltimore Ravens National Anthem 10/1/17,Random Ryan,23,[none],100378,565,1131,971,https://i.ytimg.com/vi/9sjLzdix70w/default.jpg,02.10
pCHmqeHEybg,Is Superman Too Overpowered?,VariantComics,24,comics|DC Comics|Geek|Nerd|comic books|comic reviews|comic book movies|comic movies|marvel|dc|Image Comics|comic con|superhero|superheroes|movie reviews|graphic novels|graphic novel|superman|Mr OZ|DC Rebirth|Superboy|supergirl,222336,6510,574,2837,https://i.ytimg.com/vi/pCHmqeHEybg/default.jpg,02.10
xQ4oE_tL7IA,BANKS - Underdog (Audio),banksVEVO,10,BANKS|Underdog|Harvest|Records|Alternative,201346,12556,103,875,https://i.ytimg.com/vi/xQ4oE_tL7IA/default.jpg,02.10
GSmUd7p3r34,Miley Cyrus and Zane Lowe on Beats 1 [Full Interview],Beats 1 Radio,10,Apple Music|Beats 1|Miley Cyrus|Zane Lowe,19650,692,20,69,https://i.ytimg.com/vi/GSmUd7p3r34/default.jpg,02.10
9sjLzdix70w,Pittsburgh Steelers Vs Baltimore Ravens National Anthem 10/1/17,Random Ryan,23,[none],247959,1197,2422,2017,https://i.ytimg.com/vi/9sjLzdix70w/default.jpg,03.10
JJ5WP2BKigc,Unboxing The Mind Bending Wallpaper TV...,Unbox Therapy,28,lg wallpaper|lg|wallpaper|lg wallpaper tv|wallpaper tv|tv|oled|oled tv|lg oled|lg wallpaper oled|oled vs|signature|lg signature|oled tv w|lg oled w|samsung|samsung tv|qled|qled tv|unboxing|review|lg wallpaper review|4k|hdr|dolby vision|unbox therapy|therapy|unbox|unboxtherapy|2017|uhd|display|dolby|best tv|lg oled tv|thin|wallpaper oled tv|lg tv|soundbar|ultra hd|technology|gadgets|youtube|vs|4k oled|smart tv|4k tv|new|uhd tv|best tv 2017,2884503,77303,2981,9515,https://i.ytimg.com/vi/JJ5WP2BKigc/default.jpg,03.10
pCHmqeHEybg,Is Superman Too Overpowered?,VariantComics,24,comics|DC Comics|Geek|Nerd|comic books|comic reviews|comic book movies|comic movies|marvel|dc|Image Comics|comic con|superhero|superheroes|movie reviews|graphic novels|graphic novel|superman|Mr OZ|DC Rebirth|Superboy|supergirl,240408,6824,614,2928,https://i.ytimg.com/vi/pCHmqeHEybg/default.jpg,03.10
YYwB63YslbA,Farmers market lies exposed: hidden camera investigation (Marketplace),CBC News,25,Farmers market|farmers|market|lies|exposed|hidden camera|investigation|produce|buying|grown|grown locally|locally|Marketplace|undercover|shopping trip|catches|vendors|lying,205741,2712,129,554,https://i.ytimg.com/vi/YYwB63YslbA/default.jpg,03.10
Fzz-Pblbvqw,The strange case of the cyclops sheep - Tien Nguyen,TED-Ed,27,TED|TED-Ed|TED Education|TED Ed|Tien Nguyen|Anton Bogaty|cyclops sheep|sonic hedgehog|sonic hedgehog gene|SHH|Philip Beachy|sheep|lambs|wild corn lilies|cyclopamine|genes|proteins|patched|smoothened|basal cell nevus syndrome|eye,175193,8741,75,446,https://i.ytimg.com/vi/Fzz-Pblbvqw/default.jpg,04.10
2pZ2aHWFHXA,Will & Grace - Next: Dating an Anchorman? (Sneak Peek),Will & Grace,24,nbc will & grace|will & grace video|debra messing grace adler|eric mccormack will truman|sean hayes jack mcfarland|megan mullally karen walker|season 1 episode 2|who's your daddy|ben platt guest star|dating an anchorman|will and grace preview|W&G|Will & Grace|W&G Reunion|Jack & Karen|Will & Grace Reunion|Eric McCormack|Debra Messing|Sean Hayes|Megan Mullally|LGBT|NBC|2017|trailer|official trailer,20474,451,34,73,https://i.ytimg.com/vi/2pZ2aHWFHXA/default.jpg,04.10
twerGCoDt04,The 'This Is Us' Cast Plays Never Have I Ever,TheEllenShow,24,mandy more|milo ventimiglia|sterling k brown|this is us|Ellen|degeneres|ellen degeneres|the ellen show|ellen fans|ellen tickets|ellentube|ellen audience|ellen esmms|show me more show|never have I ever|ellen games,141915,2275,22,82,https://i.ytimg.com/vi/twerGCoDt04/default.jpg,04.10
9sjLzdix70w,Pittsburgh Steelers Vs Baltimore Ravens National Anthem 10/1/17,Random Ryan,23,[none],267910,1244,2557,2157,https://i.ytimg.com/vi/9sjLzdix70w/default.jpg,04.10
JJ5WP2BKigc,Unboxing The Mind Bending Wallpaper TV...,Unbox Therapy,28,lg wallpaper|lg|wallpaper|lg wallpaper tv|wallpaper tv|tv|oled|oled tv|lg oled|lg wallpaper oled|oled vs|signature|lg signature|oled tv w|lg oled w|samsung|samsung tv|qled|qled tv|unboxing|review|lg wallpaper review|4k|hdr|dolby vision|unbox therapy|therapy|unbox|unboxtherapy|2017|uhd|display|dolby|best tv|lg oled tv|thin|wallpaper oled tv|lg tv|soundbar|ultra hd|technology|gadgets|youtube|vs|4k oled|smart tv|4k tv|new|uhd tv|best tv 2017,3205970,82608,3308,10171,https://i.ytimg.com/vi/JJ5WP2BKigc/default.jpg,04.10
pCHmqeHEybg,Is Superman Too Overpowered?,VariantComics,24,comics|DC Comics|Geek|Nerd|comic books|comic reviews|comic book movies|comic movies|marvel|dc|Image Comics|comic con|superhero|superheroes|movie reviews|graphic novels|graphic novel|superman|Mr OZ|DC Rebirth|Superboy|supergirl,245964,6936,621,2521,https://i.ytimg.com/vi/pCHmqeHEybg/default.jpg,04.10
nOllkbo99SU,Best Fast Chargers for iPhone 8 / iPhone X - Everything You Need to Know,iDB,28,Apple|iDownloadBlog|Andrew ohara|iDB|iphone|iphone 8|iphone 8 plus|iphone x|iphone 10|fast|fast charge|fast charger|roundup|best|best fast charger|quick charge|iphone fast charger|anker|anker usb-c|anker usb charger|nupower|newertech|aukey|Apple USB-C charger|usb-c lightning|usb-c charger|comparison|review|reviews|lightning usb c|charge|charger|chargers|best iphone chargers|best iphone X charger|best iphone 8 charger|fastest|fastest charger|powerport+,5022,211,5,35,https://i.ytimg.com/vi/nOllkbo99SU/default.jpg,04.10
YYwB63YslbA,Farmers market lies exposed: hidden camera investigation (Marketplace),CBC News,25,Farmers market|farmers|market|lies|exposed|hidden camera|investigation|produce|buying|grown|grown locally|locally|Marketplace|undercover|shopping trip|catches|vendors|lying,383968,4913,236,1048,https://i.ytimg.com/vi/YYwB63YslbA/default.jpg,04.10
2pZ2aHWFHXA,Will & Grace - Next: Dating an Anchorman? (Sneak Peek),Will & Grace,24,nbc will & grace|will & grace video|debra messing grace adler|eric mccormack will truman|sean hayes jack mcfarland|megan mullally karen walker|season 1 episode 2|who's your daddy|ben platt guest star|dating an anchorman|will and grace preview|W&G|Will & Grace|W&G Reunion|Jack & Karen|Will & Grace Reunion|Eric McCormack|Debra Messing|Sean Hayes|Megan Mullally|LGBT|NBC|2017|trailer|official trailer,81003,941,147,173,https://i.ytimg.com/vi/2pZ2aHWFHXA/default.jpg,05.10
Fzz-Pblbvqw,The strange case of the cyclops sheep - Tien Nguyen,TED-Ed,27,TED|TED-Ed|TED Education|TED Ed|Tien Nguyen|Anton Bogaty|cyclops sheep|sonic hedgehog|sonic hedgehog gene|SHH|Philip Beachy|sheep|lambs|wild corn lilies|cyclopamine|genes|proteins|patched|smoothened|basal cell nevus syndrome|eye,258335,11160,114,502,https://i.ytimg.com/vi/Fzz-Pblbvqw/default.jpg,05.10
rUkHLs9RHP0,Brain Surgery Costs HOW MUCH $$ !?!,Courtelizz1,26,[none],41320,2178,64,796,https://i.ytimg.com/vi/rUkHLs9RHP0/default.jpg,05.10
edMOQR_r2v4,Being A Gay Asian Woman: My Experience | Ingrid Nilsen,Ingrid Nilsen,26,Being A Gay Asian Woman: My Experience | Ingrid Nilsen|missglamorazzi|ingrid nilsen|gay|lesbian|asian|LGBT|asian-american|DNA|race,146287,5347,315,936,https://i.ytimg.com/vi/edMOQR_r2v4/default.jpg,05.10
9sjLzdix70w,Pittsburgh Steelers Vs Baltimore Ravens National Anthem 10/1/17,Random Ryan,23,[none],269422,1251,2568,1796,https://i.ytimg.com/vi/9sjLzdix70w/default.jpg,05.10
pCHmqeHEybg,Is Superman Too Overpowered?,VariantComics,24,comics|DC Comics|Geek|Nerd|comic books|comic reviews|comic book movies|comic movies|marvel|dc|Image Comics|comic con|superhero|superheroes|movie reviews|graphic novels|graphic novel|superman|Mr OZ|DC Rebirth|Superboy|supergirl,250713,7064,628,2542,https://i.ytimg.com/vi/pCHmqeHEybg/default.jpg,05.10
mEYKFjd7aHo,Dog Spells Her Name!,Penny Loggins,15,dogs|dog tricks|dog training|amazing|adorable|cute|smart dog|dog|puppy|learning|spelling,3680,10,2,6,https://i.ytimg.com/vi/mEYKFjd7aHo/default.jpg,05.10
nOllkbo99SU,Best Fast Chargers for iPhone 8 / iPhone X - Everything You Need to Know,iDB,28,Apple|iDownloadBlog|Andrew ohara|iDB|iphone|iphone 8|iphone 8 plus|iphone x|iphone 10|fast|fast charge|fast charger|roundup|best|best fast charger|quick charge|iphone fast charger|anker|anker usb-c|anker usb charger|nupower|newertech|aukey|Apple USB-C charger|usb-c lightning|usb-c charger|comparison|review|reviews|lightning usb c|charge|charger|chargers|best iphone chargers|best iphone X charger|best iphone 8 charger|fastest|fastest charger|powerport+,5660,220,5,44,https://i.ytimg.com/vi/nOllkbo99SU/default.jpg,05.10
YYwB63YslbA,Farmers market lies exposed: hidden camera investigation (Marketplace),CBC News,25,Farmers market|farmers|market|lies|exposed|hidden camera|investigation|produce|buying|grown|grown locally|locally|Marketplace|undercover|shopping trip|catches|vendors|lying,483044,6073,291,1148,https://i.ytimg.com/vi/YYwB63YslbA/default.jpg,05.10
VsXu80J31uc,What Would Happen If All The Bugs Died?,Life Noggin,27,bugs|insects|wasp|invasive species|gypsy moth|asian longhorned beetle|mosquito|malaria|CDC|disease|food chain|health|crops|farming|insecticides|pesticides|food|food production|animals|farm|pollination|food supply|Environment|Whole Foods|life noggin|science|animation|animated science|blocko,273878,12151,160,2844,https://i.ytimg.com/vi/VsXu80J31uc/default.jpg,06.10
2pZ2aHWFHXA,Will & Grace - Next: Dating an Anchorman? (Sneak Peek),Will & Grace,24,nbc will & grace|will & grace video|debra messing grace adler|eric mccormack will truman|sean hayes jack mcfarland|megan mullally karen walker|season 1 episode 2|who's your daddy|ben platt guest star|dating an anchorman|will and grace preview|W&G|Will & Grace|W&G Reunion|Jack & Karen|Will & Grace Reunion|Eric McCormack|Debra Messing|Sean Hayes|Megan Mullally|LGBT|NBC|2017|trailer|official trailer,102848,1054,176,214,https://i.ytimg.com/vi/2pZ2aHWFHXA/default.jpg,06.10
Fzz-Pblbvqw,The strange case of the cyclops sheep - Tien Nguyen,TED-Ed,27,TED|TED-Ed|TED Education|TED Ed|Tien Nguyen|Anton Bogaty|cyclops sheep|sonic hedgehog|sonic hedgehog gene|SHH|Philip Beachy|sheep|lambs|wild corn lilies|cyclopamine|genes|proteins|patched|smoothened|basal cell nevus syndrome|eye,282943,11955,120,540,https://i.ytimg.com/vi/Fzz-Pblbvqw/default.jpg,06.10
rUkHLs9RHP0,Brain Surgery Costs HOW MUCH $$ !?!,Courtelizz1,26,[none],50873,2510,68,973,https://i.ytimg.com/vi/rUkHLs9RHP0/default.jpg,06.10
oEs0BP0i1Ro,Bella Hadid Goes Sneaker Shopping With Complex,Complex,24,sneakerhead|complex|complex originals|sneakers|news|entertainment|current affairs|young man|culture|cool|edgy|funny|complex tv|complex media|bella hadid|gigi hadid|sneaker shopping|joe la puma|reebok|nike|air max|model|interview|rf sandal trainer|chuck taylor all-star|ua old skool platform|air more uptempo|air jordan 5|air max 95 wqs|sneaker collection|air jordan 13|bella hadeed|complex sneakers,806858,24111,1388,3554,https://i.ytimg.com/vi/oEs0BP0i1Ro/default.jpg,06.10
edMOQR_r2v4,Being A Gay Asian Woman: My Experience | Ingrid Nilsen,Ingrid Nilsen,26,Being A Gay Asian Woman: My Experience | Ingrid Nilsen|missglamorazzi|ingrid nilsen|gay|lesbian|asian|LGBT|asian-american|DNA|race,166185,5835,361,997,https://i.ytimg.com/vi/edMOQR_r2v4/default.jpg,06.10
9sjLzdix70w,Pittsburgh Steelers Vs Baltimore Ravens National Anthem 10/1/17,Random Ryan,23,[none],269787,1251,2568,1806,https://i.ytimg.com/vi/9sjLzdix70w/default.jpg,06.10
16-xMnzDQ4M,27 Things I've Learned In 27 Years (Sister Sister Parody),Evelyn From The Internets,23,Audible|Audible.com|Sister Sister|Sister Sister parody|27 things I've Learned in 27 Years|life lessons|motivation|evelyn from the internets|The Defining Decade,31797,5791,14,738,https://i.ytimg.com/vi/16-xMnzDQ4M/default.jpg,06.10
DeIaemmxMl4,Self Help Exercise | The Mom’s View,The Mom's View,22,the mom's view|tmv|tmv talk|carliestylez|carlie stylez|heykayli|hey kayli|katilette|the shaytards|shaycarl|trixin|gal gadot|the view|the chew|millenial moms|whats up moms|miley cyrus|grilling with liza|taylor swift|vlog|vloggers|mother|motherhood|parenting|parent|newlywed|kids|breastfeeding|nursing|nursery|imomsohard|mom|fatherhood|father,27197,1895,48,333,https://i.ytimg.com/vi/DeIaemmxMl4/default.jpg,07.10
VsXu80J31uc,What Would Happen If All The Bugs Died?,Life Noggin,27,bugs|insects|wasp|invasive species|gypsy moth|asian longhorned beetle|mosquito|malaria|CDC|disease|food chain|health|crops|farming|insecticides|pesticides|food|food production|animals|farm|pollination|food supply|Environment|Whole Foods|life noggin|science|animation|animated science|blocko,378704,14638,234,3394,https://i.ytimg.com/vi/VsXu80J31uc/default.jpg,07.10
mR3-KaWftIo,How I Became A YouTube Star | Lucie Vlogs | Refinery29,Refinery29,26,refinery29|refinery 29|r29|r29 video|refinery29 video|female|empowerment|YouTube star|how to|how i became|lucie vlogs|lifestyle host|career journey|advice|jobs|influencer|career|work|goals|career path|production|new york city|try living with lucie|millennial|tips|r29 lucie|woman interests,8421,468,7,52,https://i.ytimg.com/vi/mR3-KaWftIo/default.jpg,07.10
gMhysL2A8Qk,Nissan Heisman House | Teboween,Nissan USA,2,nissan|heisman|heisman house|football|college football|Tim Tebow|Derrick Henry|Halloween|Funny Commercial,55878,135,0,9,https://i.ytimg.com/vi/gMhysL2A8Qk/default.jpg,07.10
RbXYadQw1C4,Self-Love vs Romantic Love,MyHarto,26,hannah|hart|hannah hart|harto|kati morton|self-love|self-acceptance|therapy|love|romance|romantic love|toxic love|healthy love|healthy|guidance|therapist|self-help|self|help,50434,3743,20,300,https://i.ytimg.com/vi/RbXYadQw1C4/default.jpg,07.10
ySon7Ou0vIM,Kittens Come Out of Box,Jukin Media,15,adorable|animal|box|cardboard|cat|cute|funny|kitten|pet|silly|Jukin media Pays|sell viral videos|how to make money on youtube|submit your video,14353,0,0,0,https://i.ytimg.com/vi/ySon7Ou0vIM/default.jpg,07.10
Fzz-Pblbvqw,The strange case of the cyclops sheep - Tien Nguyen,TED-Ed,27,TED|TED-Ed|TED Education|TED Ed|Tien Nguyen|Anton Bogaty|cyclops sheep|sonic hedgehog|sonic hedgehog gene|SHH|Philip Beachy|sheep|lambs|wild corn lilies|cyclopamine|genes|proteins|patched|smoothened|basal cell nevus syndrome|eye,302361,12581,123,522,https://i.ytimg.com/vi/Fzz-Pblbvqw/default.jpg,07.10
rUkHLs9RHP0,Brain Surgery Costs HOW MUCH $$ !?!,Courtelizz1,26,[none],55279,2637,69,1050,https://i.ytimg.com/vi/rUkHLs9RHP0/default.jpg,07.10
oEs0BP0i1Ro,Bella Hadid Goes Sneaker Shopping With Complex,Complex,24,sneakerhead|complex|complex originals|sneakers|news|entertainment|current affairs|young man|culture|cool|edgy|funny|complex tv|complex media|bella hadid|gigi hadid|sneaker shopping|joe la puma|reebok|nike|air max|model|interview|rf sandal trainer|chuck taylor all-star|ua old skool platform|air more uptempo|air jordan 5|air max 95 wqs|sneaker collection|air jordan 13|bella hadeed|complex sneakers,899998,25633,1672,3873,https://i.ytimg.com/vi/oEs0BP0i1Ro/default.jpg,07.10
gMhysL2A8Qk,Nissan Heisman House | Teboween,Nissan USA,2,nissan|heisman|heisman house|football|college football|Tim Tebow|Derrick Henry|Halloween|Funny Commercial,160600,264,6,21,https://i.ytimg.com/vi/gMhysL2A8Qk/default.jpg,08.10
Ama7Dc1EgLM,Visiting Your Crappy Hometown,CollegeHumor,23,Collegehumor|CH originals|comedy|sketch comedy|internet|humor|funny|sketch|tours|retro|vhs|commercials|embarassing|green screen|vacations|travel|terrible things|parents|illuminati|illuminati eye|grant o'brien|ch shorts|home|family|visiting home|nostalgia|suburbia|grant goes home to suburbs sketch,725411,25889,1104,3067,https://i.ytimg.com/vi/Ama7Dc1EgLM/default.jpg,08.10
mR3-KaWftIo,How I Became A YouTube Star | Lucie Vlogs | Refinery29,Refinery29,26,refinery29|refinery 29|r29|r29 video|refinery29 video|female|empowerment|YouTube star|how to|how i became|lucie vlogs|lifestyle host|career journey|advice|jobs|influencer|career|work|goals|career path|production|new york city|try living with lucie|millennial|tips|r29 lucie|woman interests,16077,662,19,86,https://i.ytimg.com/vi/mR3-KaWftIo/default.jpg,08.10
VsXu80J31uc,What Would Happen If All The Bugs Died?,Life Noggin,27,bugs|insects|wasp|invasive species|gypsy moth|asian longhorned beetle|mosquito|malaria|CDC|disease|food chain|health|crops|farming|insecticides|pesticides|food|food production|animals|farm|pollination|food supply|Environment|Whole Foods|life noggin|science|animation|animated science|blocko,419694,15422,255,3561,https://i.ytimg.com/vi/VsXu80J31uc/default.jpg,08.10
DeIaemmxMl4,Self Help Exercise | The Mom’s View,The Mom's View,22,the mom's view|tmv|tmv talk|carliestylez|carlie stylez|heykayli|hey kayli|katilette|the shaytards|shaycarl|trixin|gal gadot|the view|the chew|millenial moms|whats up moms|miley cyrus|grilling with liza|taylor swift|vlog|vloggers|mother|motherhood|parenting|parent|newlywed|kids|breastfeeding|nursing|nursery|imomsohard|mom|fatherhood|father,42857,2349,74,378,https://i.ytimg.com/vi/DeIaemmxMl4/default.jpg,08.10
ySon7Ou0vIM,Kittens Come Out of Box,Jukin Media,15,adorable|animal|box|cardboard|cat|cute|funny|kitten|pet|silly|Jukin media Pays|sell viral videos|how to make money on youtube|submit your video,23428,0,0,0,https://i.ytimg.com/vi/ySon7Ou0vIM/default.jpg,08.10
RbXYadQw1C4,Self-Love vs Romantic Love,MyHarto,26,hannah|hart|hannah hart|harto|kati morton|self-love|self-acceptance|therapy|love|romance|romantic love|toxic love|healthy love|healthy|guidance|therapist|self-help|self|help,56230,4049,22,315,https://i.ytimg.com/vi/RbXYadQw1C4/default.jpg,08.10
Fzz-Pblbvqw,The strange case of the cyclops sheep - Tien Nguyen,TED-Ed,27,TED|TED-Ed|TED Education|TED Ed|Tien Nguyen|Anton Bogaty|cyclops sheep|sonic hedgehog|sonic hedgehog gene|SHH|Philip Beachy|sheep|lambs|wild corn lilies|cyclopamine|genes|proteins|patched|smoothened|basal cell nevus syndrome|eye,319257,13148,123,542,https://i.ytimg.com/vi/Fzz-Pblbvqw/default.jpg,08.10
gMhysL2A8Qk,Nissan Heisman House | Teboween,Nissan USA,2,nissan|heisman|heisman house|football|college football|Tim Tebow|Derrick Henry|Halloween|Funny Commercial,187849,292,8,27,https://i.ytimg.com/vi/gMhysL2A8Qk/default.jpg,09.10
VsXu80J31uc,What Would Happen If All The Bugs Died?,Life Noggin,27,bugs|insects|wasp|invasive species|gypsy moth|asian longhorned beetle|mosquito|malaria|CDC|disease|food chain|health|crops|farming|insecticides|pesticides|food|food production|animals|farm|pollination|food supply|Environment|Whole Foods|life noggin|science|animation|animated science|blocko,442613,15892,263,3657,https://i.ytimg.com/vi/VsXu80J31uc/default.jpg,09.10
DeIaemmxMl4,Self Help Exercise | The Mom’s View,The Mom's View,22,the mom's view|tmv|tmv talk|carliestylez|carlie stylez|heykayli|hey kayli|katilette|the shaytards|shaycarl|trixin|gal gadot|the view|the chew|millenial moms|whats up moms|miley cyrus|grilling with liza|taylor swift|vlog|vloggers|mother|motherhood|parenting|parent|newlywed|kids|breastfeeding|nursing|nursery|imomsohard|mom|fatherhood|father,48771,2553,81,427,https://i.ytimg.com/vi/DeIaemmxMl4/default.jpg,09.10
ySon7Ou0vIM,Kittens Come Out of Box,Jukin Media,15,adorable|animal|box|cardboard|cat|cute|funny|kitten|pet|silly|Jukin media Pays|sell viral videos|how to make money on youtube|submit your video,30181,0,0,0,https://i.ytimg.com/vi/ySon7Ou0vIM/default.jpg,09.10
RbXYadQw1C4,Self-Love vs Romantic Love,MyHarto,26,hannah|hart|hannah hart|harto|kati morton|self-love|self-acceptance|therapy|love|romance|romantic love|toxic love|healthy love|healthy|guidance|therapist|self-help|self|help,59693,4216,27,325,https://i.ytimg.com/vi/RbXYadQw1C4/default.jpg,09.10
k1vE_LVBx4s,How tax breaks help the rich,Vox,25,vox.com|vox|explain|trump|tax code|income inequality|united states tax code|taxes|charitable deductions|ronald reagan|george bush|bill clinton|republicans|taxable income|tax bracket|mortgage interest deduction|capital gains|income level|poverty|wealth,506203,18487,3967,5148,https://i.ytimg.com/vi/k1vE_LVBx4s/default.jpg,10.10
wF38WmiVIW4,Governor Brown Signs SB 17 into Law,California Senate Democrats,25,[none],559,0,0,0,https://i.ytimg.com/vi/wF38WmiVIW4/default.jpg,10.10
gMhysL2A8Qk,Nissan Heisman House | Teboween,Nissan USA,2,nissan|heisman|heisman house|football|college football|Tim Tebow|Derrick Henry|Halloween|Funny Commercial,200414,335,11,40,https://i.ytimg.com/vi/gMhysL2A8Qk/default.jpg,10.10
DeIaemmxMl4,Self Help Exercise | The Mom’s View,The Mom's View,22,the mom's view|tmv|tmv talk|carliestylez|carlie stylez|heykayli|hey kayli|katilette|the shaytards|shaycarl|trixin|gal gadot|the view|the chew|millenial moms|whats up moms|miley cyrus|grilling with liza|taylor swift|vlog|vloggers|mother|motherhood|parenting|parent|newlywed|kids|breastfeeding|nursing|nursery|imomsohard|mom|fatherhood|father,53699,2731,85,449,https://i.ytimg.com/vi/DeIaemmxMl4/default.jpg,10.10
K28Az3-gV7E,#162 Build your own 50$ connected Geiger Counter,Andreas Spiess,28,geiger|counter|radiation|geiger counter|diy|esp8266|esp32|arduino|electronics|eevblog|J305|Atomic bomb|fall-out|shelter|nuclear,9360,611,9,129,https://i.ytimg.com/vi/K28Az3-gV7E/default.jpg,10.10
ySon7Ou0vIM,Kittens Come Out of Box,Jukin Media,15,adorable|animal|box|cardboard|cat|cute|funny|kitten|pet|silly|Jukin media Pays|sell viral videos|how to make money on youtube|submit your video,36106,0,0,0,https://i.ytimg.com/vi/ySon7Ou0vIM/default.jpg,10.10
T6x-kDiQsWM,Matt Damon Ruins Chris Hemsworth Interview,Jimmy Kimmel Live,23,jimmy|jimmy kimmel|jimmy kimmel live|late night|talk show|funny|comedic|comedy|clip|comedian|mean tweets|Chris Hemsworth|thor|thor: ragnarok|the incredible hulk|mark ruffalo|hulk|matt damon|the martian|taika waititi|marvel|marvel cinematic universe|mcu|avengers,373486,14005,401,1021,https://i.ytimg.com/vi/T6x-kDiQsWM/default.jpg,11.10
k1vE_LVBx4s,How tax breaks help the rich,Vox,25,vox.com|vox|explain|trump|tax code|income inequality|united states tax code|taxes|charitable deductions|ronald reagan|george bush|bill clinton|republicans|taxable income|tax bracket|mortgage interest deduction|capital gains|income level|poverty|wealth|tax plan|GOP tax plan|Trump tax plan|Republican tax plan,675660,21871,5568,6469,https://i.ytimg.com/vi/k1vE_LVBx4s/default.jpg,11.10
I4qv0c2-lfw,"Cassie On Marriage, Dealing w/ Rumors & Short Film",HOT 97,10,hot97|whhl|music|video|youtube|hip hop|rap|r&b|hip-hop|funk flex|Ebro|Nessa|Dj Enuff|New York|East Coast|NY|US|United StatesHOT97.com,48953,494,46,266,https://i.ytimg.com/vi/I4qv0c2-lfw/default.jpg,11.10
wF38WmiVIW4,Governor Brown Signs SB 17 into Law,California Senate Democrats,25,[none],710,0,0,0,https://i.ytimg.com/vi/wF38WmiVIW4/default.jpg,11.10
gMhysL2A8Qk,Nissan Heisman House | Teboween,Nissan USA,2,nissan|heisman|heisman house|football|college football|Tim Tebow|Derrick Henry|Halloween|Funny Commercial,205843,345,12,49,https://i.ytimg.com/vi/gMhysL2A8Qk/default.jpg,11.10
K28Az3-gV7E,#162 Build your own 50$ connected Geiger Counter (ESP32),Andreas Spiess,28,geiger|counter|radiation|geiger counter|diy|esp8266|esp32|arduino|electronics|eevblog|J305|Atomic bomb|fall-out|shelter|nuclear,10578,644,9,141,https://i.ytimg.com/vi/K28Az3-gV7E/default.jpg,11.10
T6x-kDiQsWM,Matt Damon Ruins Chris Hemsworth Interview,Jimmy Kimmel Live,23,jimmy|jimmy kimmel|jimmy kimmel live|late night|talk show|funny|comedic|comedy|clip|comedian|mean tweets|Chris Hemsworth|thor|thor: ragnarok|the incredible hulk|mark ruffalo|hulk|matt damon|the martian|taika waititi|marvel|marvel cinematic universe|mcu|avengers,2544309,42242,2257,3204,https://i.ytimg.com/vi/T6x-kDiQsWM/default.jpg,12.10
Qg7YzqCRoZ0,Top 10 Reasons LAVA Is The Best Pixar Short,SuperCarlinBrothers,22,SuperCarlinBrothers|pixar|pixar short|pixar shorts|lava|lava is the best pixar short|top 10|Top 10 Reasons LAVA Is The Best Pixar Short|super carlin brothers|jonathan carlin|j carlin|ben carlin|super carlin bros|disney|inside out|inside out short|uku|lele|jim murphy|hawaii|lava song|pixar lava song|someone to lava|the blue umbrella|lifted|piper|coco|coco trailer|what short played before inside out|disney song|disney music|lava lyrics,186067,8518,299,1979,https://i.ytimg.com/vi/Qg7YzqCRoZ0/default.jpg,12.10
N1bJ5Vv3iUg,3AM Challenge In A Haunted Castle (SCARY),Rclbeauty101,24,3 am challenge in a haunted castle|frankensteins castle|haunted house|halloween|haunted|scary|ghost caught on camera|terrifying|worlds most haunted|paranormal|scary paranormal|ghost story|ghost|the under vlogs|theundervlogs|rclbeauty101|rachel levin|tyler regan|derek kildall|caoimhe|3am,264405,10982,214,6112,https://i.ytimg.com/vi/N1bJ5Vv3iUg/default.jpg,12.10
I4qv0c2-lfw,"Cassie On Marriage, Dealing w/ Rumors & Short Film",HOT 97,10,hot97|whhl|music|video|youtube|hip hop|rap|r&b|hip-hop|funk flex|Ebro|Nessa|Dj Enuff|New York|East Coast|NY|US|United StatesHOT97.com,56099,547,48,286,https://i.ytimg.com/vi/I4qv0c2-lfw/default.jpg,12.10
SejINXtIWac,"Keeping Up With the Kardashians Katch-Up S14, EP.2 | E!",E! Entertainment,24,Kardashians|Real Time|Kourtney Kardashian|Scott Disick|Kim Kardashian|Khloe Kardashian|Kris Jenner|Kanye West|Keeping Up with the Kardashians|Kardashian|KUWTK|family|Kendall Jenner|Kylie Jenner|New Season|E! Entertainment Schedule|Celebrity|Celeb Gossip|Celeb News|E! News|E! News Now|Chelsea Handler|The Soup|Celebrity News|Celebrity Pictures|Gossip|Chelsea Lately|Comedians|Comedy,288058,1694,118,139,https://i.ytimg.com/vi/SejINXtIWac/default.jpg,12.10
wF38WmiVIW4,Governor Brown Signs SB 17 into Law,California Senate Democrats,25,[none],755,0,0,0,https://i.ytimg.com/vi/wF38WmiVIW4/default.jpg,12.10
xyDIy9ggcTc,UF's Tom Petty tribute,Joel Hartley,23,[none],43131,207,25,154,https://i.ytimg.com/vi/xyDIy9ggcTc/default.jpg,12.10
T6x-kDiQsWM,Matt Damon Ruins Chris Hemsworth Interview,Jimmy Kimmel Live,23,jimmy|jimmy kimmel|jimmy kimmel live|late night|talk show|funny|comedic|comedy|clip|comedian|mean tweets|Chris Hemsworth|thor|thor: ragnarok|the incredible hulk|mark ruffalo|hulk|matt damon|the martian|taika waititi|marvel|marvel cinematic universe|mcu|avengers,3159145,47379,2907,3764,https://i.ytimg.com/vi/T6x-kDiQsWM/default.jpg,13.10
Qg7YzqCRoZ0,Top 10 Reasons LAVA Is The Best Pixar Short,SuperCarlinBrothers,22,SuperCarlinBrothers|pixar|pixar short|pixar shorts|lava|lava is the best pixar short|top 10|Top 10 Reasons LAVA Is The Best Pixar Short|super carlin brothers|jonathan carlin|j carlin|ben carlin|super carlin bros|disney|inside out|inside out short|uku|lele|jim murphy|hawaii|lava song|pixar lava song|someone to lava|the blue umbrella|lifted|piper|coco|coco trailer|what short played before inside out|disney song|disney music|lava lyrics,215229,9120,342,2122,https://i.ytimg.com/vi/Qg7YzqCRoZ0/default.jpg,13.10
N1bJ5Vv3iUg,3AM Challenge In A Haunted Castle (SCARY),Rclbeauty101,24,3 am challenge in a haunted castle|frankensteins castle|haunted house|halloween|haunted|scary|ghost caught on camera|terrifying|worlds most haunted|paranormal|scary paranormal|ghost story|ghost|the under vlogs|theundervlogs|rclbeauty101|rachel levin|tyler regan|derek kildall|caoimhe|3am,292191,11673,233,6334,https://i.ytimg.com/vi/N1bJ5Vv3iUg/default.jpg,13.10
I4qv0c2-lfw,"Cassie On Marriage, Dealing w/ Rumors & Short Film",HOT 97,10,hot97|whhl|music|video|youtube|hip hop|rap|r&b|hip-hop|funk flex|Ebro|Nessa|Dj Enuff|New York|East Coast|NY|US|United StatesHOT97.com,61658,592,50,310,https://i.ytimg.com/vi/I4qv0c2-lfw/default.jpg,13.10
HzzmqUoQobc,Why we really really really like repetition in music,Vox,25,formation|beyonce|michael jackson|beat it|taylor swift|look what you made me do|carly rae jepsen|i really like you|cut to the feeling|steve reich|robyn|music science|earworm|psychology|vox pop|hip hop|rihanna|vince staples|migos|charli xcx|boys|deadz|the beach boys|vox|explains|news|pop culture,333622,15230,674,1842,https://i.ytimg.com/vi/HzzmqUoQobc/default.jpg,14.10
Qg7YzqCRoZ0,Top 10 Reasons LAVA Is The Best Pixar Short,SuperCarlinBrothers,22,SuperCarlinBrothers|pixar|pixar short|pixar shorts|lava|lava is the best pixar short|top 10|Top 10 Reasons LAVA Is The Best Pixar Short|super carlin brothers|jonathan carlin|j carlin|ben carlin|super carlin bros|disney|inside out|inside out short|uku|lele|jim murphy|hawaii|lava song|pixar lava song|someone to lava|the blue umbrella|lifted|piper|coco|coco trailer|what short played before inside out|disney song|disney music|lava lyrics,226380,9401,350,2149,https://i.ytimg.com/vi/Qg7YzqCRoZ0/default.jpg,14.10
N1bJ5Vv3iUg,3AM Challenge In A Haunted Castle (SCARY),Rclbeauty101,24,3 am challenge in a haunted castle|frankensteins castle|haunted house|halloween|haunted|scary|ghost caught on camera|terrifying|worlds most haunted|paranormal|scary paranormal|ghost story|ghost|the under vlogs|theundervlogs|rclbeauty101|rachel levin|tyler regan|derek kildall|caoimhe|3am,318753,12251,250,6477,https://i.ytimg.com/vi/N1bJ5Vv3iUg/default.jpg,14.10
I4qv0c2-lfw,"Cassie On Marriage, Dealing w/ Rumors & Short Film",HOT 97,10,hot97|whhl|music|video|youtube|hip hop|rap|r&b|hip-hop|funk flex|Ebro|Nessa|Dj Enuff|New York|East Coast|NY|US|United StatesHOT97.com,67512,637,50,335,https://i.ytimg.com/vi/I4qv0c2-lfw/default.jpg,14.10
HzzmqUoQobc,Why we really really really like repetition in music,Vox,25,formation|beyonce|michael jackson|beat it|taylor swift|look what you made me do|carly rae jepsen|i really like you|cut to the feeling|steve reich|robyn|music science|earworm|psychology|vox pop|hip hop|rihanna|vince staples|migos|charli xcx|boys|deadz|the beach boys|vox|explains|news|pop culture|repetition|pop music lyrics|why is music repetitive|repetitive|music|music video|study music|musicology,524772,20492,1041,2450,https://i.ytimg.com/vi/HzzmqUoQobc/default.jpg,15.10
Qg7YzqCRoZ0,Top 10 Reasons LAVA Is The Best Pixar Short,SuperCarlinBrothers,22,SuperCarlinBrothers|pixar|pixar short|pixar shorts|lava|lava is the best pixar short|top 10|Top 10 Reasons LAVA Is The Best Pixar Short|super carlin brothers|jonathan carlin|j carlin|ben carlin|super carlin bros|disney|inside out|inside out short|uku|lele|jim murphy|hawaii|lava song|pixar lava song|someone to lava|the blue umbrella|lifted|piper|coco|coco trailer|what short played before inside out|disney song|disney music|lava lyrics,233063,9587,352,2184,https://i.ytimg.com/vi/Qg7YzqCRoZ0/default.jpg,15.10
W2gnef0LtBE,Smash Up - English Trailer,Asmodee Digital,20,Asmodee|Asmodee Digital|Android|iOS|app|game|mobile game|card game|games|smash up|paul peterson|tabletop|board game|mobile|steam|pc game|nomad games|aeg,2345,20,2,1,https://i.ytimg.com/vi/W2gnef0LtBE/default.jpg,15.10
_bZlb62VVlw,What Uses Less Gas - Coasting Or Engine Braking?,Engineering Explained,2,save fuel|save gas|gas money|gas prices|what uses less fuel|what uses less gas|cost of gas|oil barrel|coast or engine brake|coast in neutral|neutral vs gear|audi|honda|bmw|mercedes|dodge|jeep|chevy|ford|subaru|mazda|nissan|toyota|vw|acura|lexus|infiniti|hyundai|kia|ferrari|Ram|Cadillac|GMC|porsche|fiat|jaguar|lamborghini|maserati|aston martin|alfa romeo|mclaren|koenigsegg|valvoline|pennzoil|castrol|mobil1|shell|chevron,228164,6207,209,1489,https://i.ytimg.com/vi/_bZlb62VVlw/default.jpg,16.10
HzzmqUoQobc,Why we really really really like repetition in music,Vox,25,formation|beyonce|michael jackson|beat it|taylor swift|look what you made me do|carly rae jepsen|i really like you|cut to the feeling|steve reich|robyn|music science|earworm|psychology|vox pop|hip hop|rihanna|vince staples|migos|charli xcx|boys|deadz|the beach boys|vox|explains|news|pop culture|repetition|pop music lyrics|why is music repetitive|repetitive|music|music video|study music|musicology,589067,22428,1160,2664,https://i.ytimg.com/vi/HzzmqUoQobc/default.jpg,16.10
W2gnef0LtBE,Smash Up - English Trailer,Asmodee Digital,20,Asmodee|Asmodee Digital|Android|iOS|app|game|mobile game|card game|games|smash up|paul peterson|tabletop|board game|mobile|steam|pc game|nomad games|aeg,2558,21,2,1,https://i.ytimg.com/vi/W2gnef0LtBE/default.jpg,16.10
9gpjRy3uDUM,Is Space Travel Possible??,ElectroBOOM,28,educational|electrical|electroboom|electronics|engineering|entertainment|equipment|mehdi|mehdi sadaghdar|arc|mishap|physics|Sadaghdar|science|test|tools|circuit|funny|learn|shock|spark|protection|short circuit|space|space travel|combustion|engine|propulsion|vacuum|thrust|thruster|rocket|cody’slab|Newton|NASA|Saturn V|Apollo|spacecraft|spaceship|satellite|ISS|Space Station,211144,22262,191,2673,https://i.ytimg.com/vi/9gpjRy3uDUM/default.jpg,17.10
_bZlb62VVlw,What Uses Less Gas - Coasting Or Engine Braking?,Engineering Explained,2,save fuel|save gas|gas money|gas prices|what uses less fuel|what uses less gas|cost of gas|oil barrel|coast or engine brake|coast in neutral|neutral vs gear|audi|honda|bmw|mercedes|dodge|jeep|chevy|ford|subaru|mazda|nissan|toyota|vw|acura|lexus|infiniti|hyundai|kia|ferrari|Ram|Cadillac|GMC|porsche|fiat|jaguar|lamborghini|maserati|aston martin|alfa romeo|mclaren|koenigsegg|valvoline|pennzoil|castrol|mobil1|shell|chevron,382964,7919,328,1706,https://i.ytimg.com/vi/_bZlb62VVlw/default.jpg,17.10
HzzmqUoQobc,Why we really really really like repetition in music,Vox,25,formation|beyonce|michael jackson|beat it|taylor swift|look what you made me do|carly rae jepsen|i really like you|cut to the feeling|steve reich|robyn|music science|earworm|psychology|vox pop|hip hop|rihanna|vince staples|migos|charli xcx|boys|deadz|the beach boys|vox|explains|news|pop culture|repetition|pop music lyrics|why is music repetitive|repetitive|music|music video|study music|musicology,618275,23219,1203,1743,https://i.ytimg.com/vi/HzzmqUoQobc/default.jpg,17.10
a-9IZz8Ry5I,Google Pixel 2 Unboxing! (Best Android 8.0 Features),Marques Brownlee,28,pixel 2 unboxing|pixel 2|pixel 2 XL|Pixel 2 XL Unboxing|google pixel 2 unboxing|pixel 2 vs|pixel 2 preview|pixel 2 review|MKBHD,1232623,53089,1056,5561,https://i.ytimg.com/vi/a-9IZz8Ry5I/default.jpg,18.10
AFxLA3RGjnc,First cosmic event seen in gravitational waves and light!,National Science Foundation,28,LIGO|Virgo|collaboration|space|science|national science foundation|live stream|announcment|breaking news|cosmic|gravitational waves|light|neutron|stars|press conference|npr|collision|neutron star collision|multi-messenger astronomy|astronomy|telescope|Laser Interferometer Gravitational Wave Observatory,125169,1340,35,0,https://i.ytimg.com/vi/AFxLA3RGjnc/default.jpg,18.10
9gpjRy3uDUM,Is Space Travel Possible??,ElectroBOOM,28,educational|electrical|electroboom|electronics|engineering|entertainment|equipment|mehdi|mehdi sadaghdar|arc|mishap|physics|Sadaghdar|science|test|tools|circuit|funny|learn|shock|spark|protection|short circuit|space|space travel|combustion|engine|propulsion|vacuum|thrust|thruster|rocket|cody’slab|Newton|NASA|Saturn V|Apollo|spacecraft|spaceship|satellite|ISS|Space Station,316842,28757,311,3639,https://i.ytimg.com/vi/9gpjRy3uDUM/default.jpg,18.10
b7nxDshnz9Y,Mike Leach Press Conference Oct. 16,WSUCougarAthletics,17,sidearm-upload,5845,27,2,4,https://i.ytimg.com/vi/b7nxDshnz9Y/default.jpg,18.10
_bZlb62VVlw,What Uses Less Gas - Coasting Or Engine Braking?,Engineering Explained,2,save fuel|save gas|gas money|gas prices|what uses less fuel|what uses less gas|cost of gas|oil barrel|coast or engine brake|coast in neutral|neutral vs gear|audi|honda|bmw|mercedes|dodge|jeep|chevy|ford|subaru|mazda|nissan|toyota|vw|acura|lexus|infiniti|hyundai|kia|ferrari|Ram|Cadillac|GMC|porsche|fiat|jaguar|lamborghini|maserati|aston martin|alfa romeo|mclaren|koenigsegg|valvoline|pennzoil|castrol|mobil1|shell|chevron,429309,8465,350,1784,https://i.ytimg.com/vi/_bZlb62VVlw/default.jpg,18.10
39wPXnFMypY,My Early Morning Flight Routine! | Ingrid Nilsen,Ingrid Nilsen,26,My Early Morning Flight Routine! | Ingrid Nilsen|missglamorazzi|ingrid nilsen|routine video|early flight|early morning flight|morning flight routine|morning flight|packing,167796,6934,126,350,https://i.ytimg.com/vi/39wPXnFMypY/default.jpg,18.10
a-9IZz8Ry5I,Google Pixel 2 Unboxing! (Best Android 8.0 Features),Marques Brownlee,28,pixel 2 unboxing|pixel 2|pixel 2 XL|Pixel 2 XL Unboxing|google pixel 2 unboxing|pixel 2 vs|pixel 2 preview|pixel 2 review|MKBHD,1634404,61460,1316,6472,https://i.ytimg.com/vi/a-9IZz8Ry5I/default.jpg,19.10
AFxLA3RGjnc,First cosmic event seen in gravitational waves and light!,National Science Foundation,28,LIGO|Virgo|collaboration|space|science|national science foundation|live stream|announcment|breaking news|cosmic|gravitational waves|light|neutron|stars|press conference|npr|collision|neutron star collision|multi-messenger astronomy|astronomy|telescope|Laser Interferometer Gravitational Wave Observatory,136444,1490,55,0,https://i.ytimg.com/vi/AFxLA3RGjnc/default.jpg,19.10
ThPzNokG5uE,Japanese Candy Art,INSIDER,19,Shinobu Ichiyanagi|Japanese|Candy|Art|Amezaiku|Candy man,262878,7594,62,663,https://i.ytimg.com/vi/ThPzNokG5uE/default.jpg,19.10
9gpjRy3uDUM,Is Space Travel Possible??,ElectroBOOM,28,educational|electrical|electroboom|electronics|engineering|entertainment|equipment|mehdi|mehdi sadaghdar|arc|mishap|physics|Sadaghdar|science|test|tools|circuit|funny|learn|shock|spark|protection|short circuit|space|space travel|combustion|engine|propulsion|vacuum|thrust|thruster|rocket|cody’slab|Newton|NASA|Saturn V|Apollo|spacecraft|spaceship|satellite|ISS|Space Station,345806,30722,343,3874,https://i.ytimg.com/vi/9gpjRy3uDUM/default.jpg,19.10
_bZlb62VVlw,What Uses Less Gas - Coasting Or Engine Braking?,Engineering Explained,2,save fuel|save gas|gas money|gas prices|what uses less fuel|what uses less gas|cost of gas|oil barrel|coast or engine brake|coast in neutral|neutral vs gear|audi|honda|bmw|mercedes|dodge|jeep|chevy|ford|subaru|mazda|nissan|toyota|vw|acura|lexus|infiniti|hyundai|kia|ferrari|Ram|Cadillac|GMC|porsche|fiat|jaguar|lamborghini|maserati|aston martin|alfa romeo|mclaren|koenigsegg|valvoline|pennzoil|castrol|mobil1|shell|chevron,446665,8703,357,1883,https://i.ytimg.com/vi/_bZlb62VVlw/default.jpg,19.10
b7nxDshnz9Y,Mike Leach Press Conference Oct. 16,WSUCougarAthletics,17,sidearm-upload,7094,28,4,5,https://i.ytimg.com/vi/b7nxDshnz9Y/default.jpg,19.10
5Tb5-Djj4Sg,Saquon Barkley - 2017 Highlights,GoPSUtv,17,Penn State football|Saquon Barkley|2017 Penn State football|heisman|Saquon Barkley heisman|Saquon Barkley Penn State|Saquon Barkley highlights|Saquon Barkley running back|Saquon Barkley ESPN,7510,13,0,0,https://i.ytimg.com/vi/5Tb5-Djj4Sg/default.jpg,19.10
a-9IZz8Ry5I,Google Pixel 2 Unboxing! (Best Android 8.0 Features),Marques Brownlee,28,pixel 2 unboxing|pixel 2|pixel 2 XL|Pixel 2 XL Unboxing|google pixel 2 unboxing|pixel 2 vs|pixel 2 preview|pixel 2 review|MKBHD,1766419,63742,1410,6607,https://i.ytimg.com/vi/a-9IZz8Ry5I/default.jpg,20.10
RfG7VvIrk-c,This cat just realised that he's been neutered.. Wait for it \n\nNewsflare,World TV,22,[none],35705,104,24,21,https://i.ytimg.com/vi/RfG7VvIrk-c/default.jpg,20.10
AFxLA3RGjnc,First cosmic event seen in gravitational waves and light!,National Science Foundation,28,LIGO|Virgo|collaboration|space|science|national science foundation|live stream|announcment|breaking news|cosmic|gravitational waves|light|neutron|stars|press conference|npr|collision|neutron star collision|multi-messenger astronomy|astronomy|telescope|Laser Interferometer Gravitational Wave Observatory,139354,1516,55,0,https://i.ytimg.com/vi/AFxLA3RGjnc/default.jpg,20.10
9gpjRy3uDUM,Is Space Travel Possible??,ElectroBOOM,28,educational|electrical|electroboom|electronics|engineering|entertainment|equipment|mehdi|mehdi sadaghdar|arc|mishap|physics|Sadaghdar|science|test|tools|circuit|funny|learn|shock|spark|protection|short circuit|space|space travel|combustion|engine|propulsion|vacuum|thrust|thruster|rocket|cody’slab|Newton|NASA|Saturn V|Apollo|spacecraft|spaceship|satellite|ISS|Space Station,359922,31580,349,3474,https://i.ytimg.com/vi/9gpjRy3uDUM/default.jpg,20.10
_bZlb62VVlw,What Uses Less Gas - Coasting Or Engine Braking?,Engineering Explained,2,save fuel|save gas|gas money|gas prices|what uses less fuel|what uses less gas|cost of gas|oil barrel|coast or engine brake|coast in neutral|neutral vs gear|audi|honda|bmw|mercedes|dodge|jeep|chevy|ford|subaru|mazda|nissan|toyota|vw|acura|lexus|infiniti|hyundai|kia|ferrari|Ram|Cadillac|GMC|porsche|fiat|jaguar|lamborghini|maserati|aston martin|alfa romeo|mclaren|koenigsegg|valvoline|pennzoil|castrol|mobil1|shell|chevron,454043,8862,361,1890,https://i.ytimg.com/vi/_bZlb62VVlw/default.jpg,20.10
b7nxDshnz9Y,Mike Leach Press Conference Oct. 16,WSUCougarAthletics,17,sidearm-upload,7612,30,4,4,https://i.ytimg.com/vi/b7nxDshnz9Y/default.jpg,20.10
IZ5izPbcgG4,'Harry Styles' Scares Niall Horan,TheEllenShow,24,niall|horan|niall horan|harry styles|scare|Ellen|degeneres|ellen degeneres|the ellen show|ellen fans|ellen tickets|ellentube|ellen audience,1269128,45324,517,1331,https://i.ytimg.com/vi/IZ5izPbcgG4/default.jpg,21.10
ScNsBpQ8KIg,Martin Garrix & Matisse & Sadko - Forever (Official Music Video),Martin Garrix,10,Martin Garrix|EDM|Animals|Wizard|Proxy|Error 404|BFAM|Tremor|GRX|Ultra|EDC|Dance music|Martin|Garrix|House|Techno|Hardwell|Tiesto|Skrillex|Avicii|Virus|Beatport|DJ Mag|Spinnin Records|Scooter Braun|Nicky Romero|Afrojack|David Guetta|Dimitri Vegas & Like Mike|Jay Hardway|Julian Jordan|Oliver Heldens,1043836,109405,1069,6159,https://i.ytimg.com/vi/ScNsBpQ8KIg/default.jpg,21.10
a-9IZz8Ry5I,Google Pixel 2 Unboxing! (Best Android 8.0 Features),Marques Brownlee,28,pixel 2 unboxing|pixel 2|pixel 2 XL|Pixel 2 XL Unboxing|google pixel 2 unboxing|pixel 2 vs|pixel 2 preview|pixel 2 review|MKBHD,1834903,64961,1440,5312,https://i.ytimg.com/vi/a-9IZz8Ry5I/default.jpg,21.10
RfG7VvIrk-c,This cat just realised that he's been neutered.. Wait for it \n\nNewsflare,World TV,22,[none],49152,128,25,23,https://i.ytimg.com/vi/RfG7VvIrk-c/default.jpg,21.10
AFxLA3RGjnc,First cosmic event seen in gravitational waves and light!,National Science Foundation,28,LIGO|Virgo|collaboration|space|science|national science foundation|live stream|announcment|breaking news|cosmic|gravitational waves|light|neutron|stars|press conference|npr|collision|neutron star collision|multi-messenger astronomy|astronomy|telescope|Laser Interferometer Gravitational Wave Observatory,141655,1542,56,0,https://i.ytimg.com/vi/AFxLA3RGjnc/default.jpg,21.10
9gpjRy3uDUM,Is Space Travel Possible??,ElectroBOOM,28,educational|electrical|electroboom|electronics|engineering|entertainment|equipment|mehdi|mehdi sadaghdar|arc|mishap|physics|Sadaghdar|science|test|tools|circuit|funny|learn|shock|spark|protection|short circuit|space|space travel|combustion|engine|propulsion|vacuum|thrust|thruster|rocket|cody’slab|Newton|NASA|Saturn V|Apollo|spacecraft|spaceship|satellite|ISS|Space Station,367598,31970,350,3587,https://i.ytimg.com/vi/9gpjRy3uDUM/default.jpg,21.10
_bZlb62VVlw,What Uses Less Gas - Coasting Or Engine Braking?,Engineering Explained,2,save fuel|save gas|gas money|gas prices|what uses less fuel|what uses less gas|cost of gas|oil barrel|coast or engine brake|coast in neutral|neutral vs gear|audi|honda|bmw|mercedes|dodge|jeep|chevy|ford|subaru|mazda|nissan|toyota|vw|acura|lexus|infiniti|hyundai|kia|ferrari|Ram|Cadillac|GMC|porsche|fiat|jaguar|lamborghini|maserati|aston martin|alfa romeo|mclaren|koenigsegg|valvoline|pennzoil|castrol|mobil1|shell|chevron,458497,8946,364,1900,https://i.ytimg.com/vi/_bZlb62VVlw/default.jpg,21.10
nGM76g5Hvfg,Hillary Clinton Really Tried To Avoid Going to the Inauguration | The Graham Norton Show,The Graham Norton Show,24,Graham Norton|Graham Norton Show Official|Entertainment|Chat Show|Graham Norton full episodes|the graham Norton show full eps|graham Norton full eps|watch graham Norton online|hillary clinton|donald trump|jack whitehall|jeff goldblum|gerard butler,347111,5998,3619,2186,https://i.ytimg.com/vi/nGM76g5Hvfg/default.jpg,22.10
IZ5izPbcgG4,'Harry Styles' Scares Niall Horan,TheEllenShow,24,niall|horan|niall horan|harry styles|scare|Ellen|degeneres|ellen degeneres|the ellen show|ellen fans|ellen tickets|ellentube|ellen audience,1918219,58438,861,1692,https://i.ytimg.com/vi/IZ5izPbcgG4/default.jpg,22.10
ScNsBpQ8KIg,Martin Garrix & Matisse & Sadko - Forever (Official Music Video),Martin Garrix,10,Martin Garrix|EDM|Animals|Wizard|Proxy|Error 404|BFAM|Tremor|GRX|Ultra|EDC|Dance music|Martin|Garrix|House|Techno|Hardwell|Tiesto|Skrillex|Avicii|Virus|Beatport|DJ Mag|Spinnin Records|Scooter Braun|Nicky Romero|Afrojack|David Guetta|Dimitri Vegas & Like Mike|Jay Hardway|Julian Jordan|Oliver Heldens,1699530,131032,1380,7045,https://i.ytimg.com/vi/ScNsBpQ8KIg/default.jpg,22.10
a-9IZz8Ry5I,Google Pixel 2 Unboxing! (Best Android 8.0 Features),Marques Brownlee,28,pixel 2 unboxing|pixel 2|pixel 2 XL|Pixel 2 XL Unboxing|google pixel 2 unboxing|pixel 2 vs|pixel 2 preview|pixel 2 review|MKBHD,1885877,65825,1460,5395,https://i.ytimg.com/vi/a-9IZz8Ry5I/default.jpg,22.10
RfG7VvIrk-c,This cat just realised that he's been neutered.. Wait for it \n\nNewsflare,World TV,22,[none],67423,142,25,25,https://i.ytimg.com/vi/RfG7VvIrk-c/default.jpg,22.10
AFxLA3RGjnc,First cosmic event seen in gravitational waves and light!,National Science Foundation,28,LIGO|Virgo|collaboration|space|science|national science foundation|live stream|announcment|breaking news|cosmic|gravitational waves|light|neutron|stars|press conference|npr|collision|neutron star collision|multi-messenger astronomy|astronomy|telescope|Laser Interferometer Gravitational Wave Observatory,144039,1574,59,0,https://i.ytimg.com/vi/AFxLA3RGjnc/default.jpg,22.10
